DiaChi,GiaBan,DuAn,DienTich,TinhTrangBDS,Gia/m2,PhongNgu,PhongVeSinh,SoTang,TinhTrangGiayTo,TinhTrangNoiThat,HuongBanCong,HuongCua,DacDiem
"Đường Phạm Thế Hiển, Phường 6, Quận 8, Tp Hồ Chí Minh","6,4 tỷ",,151 m²,Đã bàn giao,"42,38 triệu/m²",2 phòng,3 phòng,,Đã có sổ,,,,
"192, Phường 6, Quận 8, Tp Hồ Chí Minh","1,15 tỷ",Heaven Riverview,1 m²,Chưa bàn giao,"1,15 tỷ/m²",1 phòng,1 phòng,,Đã có sổ,,,,
"Đường Nguyễn Cơ Thạch, Phường Thủ Thiêm (Quận 2 cũ), Thành phố Thủ Đức, Tp Hồ Chí Minh",9 tỷ,Thu Thiem Zeit River,60.62 m²,Chưa bàn giao,"148,47 triệu/m²",1 phòng,1 phòng,,Giấy tờ khác,,,,
"Số 132, Số 132 Đường Bến Vân Đồn, Phường 6, Quận 4, Tp Hồ Chí Minh","1,865 tỷ",Masteri Millennium,80 m²,Đã bàn giao,"23,31 triệu/m²",2 phòng,2 phòng,,,,,,
"Đường Nguyễn Xí, Phường 26, Quận Bình Thạnh, Tp Hồ Chí Minh","1,55 tỷ",,67 m²,Đã bàn giao,"23,13 triệu/m²",2 phòng,2 phòng,,Đã có sổ,Nội thất đầy đủ,,,
"Dương Quảng Hàm, Phường 15, Quận Gò Vấp, Tp Hồ Chí Minh","2,85 tỷ",Osimi Tower,68 m²,Đã bàn giao,"41,91 triệu/m²",2 phòng,2 phòng,,,,Đông Bắc,Tây Nam,
"208, 208 Đường Điện Biên Phủ, Phường 22, Bình Thạnh, Hồ Chí Minh, Phường 22, Quận Bình Thạnh, Tp Hồ Chí Minh","4,5 tỷ",Vinhomes Central Park,63 m²,Đã bàn giao,"71,43 triệu/m²",2 phòng,1 phòng,,,Nội thất đầy đủ,,,
"Đường Nguyễn Cơ Thạch, Phường Thủ Thiêm (Quận 2 cũ), Thành phố Thủ Đức, Tp Hồ Chí Minh",9 tỷ,Thu Thiem Zeit River,60.62 m²,Chưa bàn giao,"148,47 triệu/m²",1 phòng,1 phòng,,Giấy tờ khác,,,,
"Số 584, Huỳnh Tấn Phát, Phường Tân Phú, Quận 7, Tp Hồ Chí Minh","7,5 tỷ",The View Riviera Point,129 m²,Đã bàn giao,"58,14 triệu/m²",3 phòng,,,,,,,
"Nguyễn Oanh, Phường 17, Quận Gò Vấp, Tp Hồ Chí Minh","2,15 tỷ",,65 m²,Chưa bàn giao,"33,08 triệu/m²",2 phòng,1 phòng,,,,Đông Bắc,Tây Nam,
"Đường D4, Phường Tân Hưng, Quận 7, Tp Hồ Chí Minh","3,4 tỷ",,78 m²,Chưa bàn giao,"43,59 triệu/m²",3 phòng,2 phòng,,,,,,
"32, Đường Hoàng Bật Đạt, Phường 15, Quận Tân Bình, Tp Hồ Chí Minh","1,5 tỷ",,69 m²,Đã bàn giao,"21,74 triệu/m²",2 phòng,2 phòng,,,,,,
"Nguyễn Xiển, Phường Long Thạnh Mỹ (Quận 9 cũ), Thành phố Thủ Đức, Tp Hồ Chí Minh","1,75 tỷ",Vinhomes Grand Park,32.5 m²,Chưa bàn giao,"53,85 triệu/m²",1 phòng,,,,,,,
"Số 200, Số 200 đường 3/2, Phường 12, Quận 10, Tp Hồ Chí Minh","1,45 tỷ",Hà Đô Centrosa Garden,1 m²,Đã bàn giao,"1,45 tỷ/m²",2 phòng,2 phòng,,Đã có sổ,Nội thất đầy đủ,,,
"Đường Nhật Tảo, Phường 7, Quận 10, Tp Hồ Chí Minh","1,44 tỷ",,65 m²,Đã bàn giao,"22,15 triệu/m²",2 phòng,2 phòng,2,Đã có sổ,,,,
"Số 207, Nguyễn Xí, Phường 26, Quận Bình Thạnh, Tp Hồ Chí Minh","1,55 tỷ",Richmond City,70 m²,Đã bàn giao,"22,14 triệu/m²",2 phòng,2 phòng,,Đã có sổ,Nội thất đầy đủ,,,
"Mai Chí Thọ, Phường An Phú (Quận 2 cũ), Thành phố Thủ Đức, Tp Hồ Chí Minh",4 tỷ,The Sun Avenue,76 m²,Đã bàn giao,"52,63 triệu/m²",2 phòng,,,,,,,
"83, 83 Đường Lý Chính Thắng, Phường 8, Quận 3, Hồ Chí Minh, Phường Võ Thị Sáu, Quận 3, Tp Hồ Chí Minh","1,725 tỷ",Terra Royal,78 m²,Đã bàn giao,"22,12 triệu/m²",2 phòng,2 phòng,,,,,,
"cc5, Phường Sơn Kỳ, Quận Tân Phú, Tp Hồ Chí Minh","2,38 tỷ",,80 m²,Đã bàn giao,"29,75 triệu/m²",2 phòng,,,,,,,Căn góc
"208, Nguyễn Hữu Cảnh, Phường 22, Quận Bình Thạnh, Tp Hồ Chí Minh","2,868 tỷ",Vinhomes Central Park,118 m²,Đã bàn giao,"24,31 triệu/m²",3 phòng,2 phòng,,Đã có sổ,,,,
"Đường Mai Chí Thọ, Phường An Phú (Quận 2 cũ), Thành phố Thủ Đức, Tp Hồ Chí Minh","1,64 tỷ",,76 m²,Đã bàn giao,"21,58 triệu/m²",2 phòng,2 phòng,,Đã có sổ,Nội thất đầy đủ,,,
"Bình Trưng Tây, Phường Bình Trưng Tây (Quận 2 cũ), Thành phố Thủ Đức, Tp Hồ Chí Minh","1,77 tỷ",Homyland 3 (Homyland Riverside),1 m²,Đã bàn giao,"1,77 tỷ/m²",2 phòng,2 phòng,,Đã có sổ,Nội thất đầy đủ,,,
"Số 132, Bến Vân Đồn, Phường 6, Quận 4, Tp Hồ Chí Minh","2,69 tỷ",Masteri Millennium,1 m²,Đã bàn giao,"2,69 tỷ/m²",3 phòng,2 phòng,,Đã có sổ,Nội thất đầy đủ,,,
"Đường Vườn Lài, Phường Phú Thọ Hòa, Quận Tân Phú, Tp Hồ Chí Minh","2,7 tỷ",,86 m²,Đã bàn giao,"31,4 triệu/m²",3 phòng,2 phòng,,Đã có sổ,,,,
"104, Phổ Quang, Phường 2, Quận Tân Bình, Tp Hồ Chí Minh","1,86 tỷ",The Botanica,74 m²,Đã bàn giao,"25,14 triệu/m²",2 phòng,2 phòng,,Đã có sổ,Nội thất cao cấp,,,
"561A, Điện Biên Phủ, Phường 25, Quận Bình Thạnh, Tp Hồ Chí Minh","1,79 tỷ",Pearl Plaza,1 m²,Đã bàn giao,"1,79 tỷ/m²",2 phòng,2 phòng,,Đã có sổ,Nội thất đầy đủ,,,
"89, Hoàng Quốc Việt, Phường Phú Thuận, Quận 7, Tp Hồ Chí Minh","1,55 tỷ",Sky 89 An Gia,1 m²,Đã bàn giao,"1,55 tỷ/m²",2 phòng,2 phòng,,Đã có sổ,Nội thất đầy đủ,,,
"686, Xô Viết Nghệ Tĩnh, Phường 25, Quận Bình Thạnh, Tp Hồ Chí Minh","2,15 tỷ",Green Field,1 m²,Đã bàn giao,"2,15 tỷ/m²",2 phòng,2 phòng,,Đã có sổ,Nội thất đầy đủ,,,
"151, Bến Vân Đồn, Phường 6, Quận 4, Tp Hồ Chí Minh","1,75 tỷ",River Gate,1 m²,Đã bàn giao,"1,75 tỷ/m²",2 phòng,2 phòng,,Đã có sổ,Nội thất đầy đủ,,,
"312, Nguyễn Thượng Hiền, Phường 5, Quận Phú Nhuận, Tp Hồ Chí Minh","1,39 tỷ",Botanic Towers,1 m²,Đã bàn giao,"1,39 tỷ/m²",2 phòng,2 phòng,,Đã có sổ,Nội thất đầy đủ,,,
"17-19-21, Nguyễn Văn Trỗi, Phường 11, Quận Phú Nhuận, Tp Hồ Chí Minh","2,595 tỷ",The Prince Residence,1 m²,Đã bàn giao,"2,595 tỷ/m²",2 phòng,2 phòng,,Đã có sổ,Nội thất đầy đủ,,,
"Số 1472, Võ Văn Kiệt, Phường 3, Quận 6, Tp Hồ Chí Minh","2,05 tỷ",Viva Riverside,1 m²,Đã bàn giao,"2,05 tỷ/m²",2 phòng,2 phòng,,Đã có sổ,Nội thất đầy đủ,,,
"Nguyễn Văn Linh, Xã Bình Hưng, Huyện Bình Chánh, Tp Hồ Chí Minh","3,1 tỷ",Mizuki Park,78 m²,Đã bàn giao,"39,74 triệu/m²",2 phòng,2 phòng,,Đã có sổ,Nhà trống,,,
"Đường số 2, Phường Tân Thành, Quận Tân Phú, Tp Hồ Chí Minh","1,6 tỷ",,66 m²,Đã bàn giao,"24,24 triệu/m²",1 phòng,1 phòng,4,Đã có sổ,,,,
"Tân Túc, Thị trấn Tân Túc, Huyện Bình Chánh, Tp Hồ Chí Minh","2,05 tỷ",West Gate Park,60 m²,Đã bàn giao,"34,17 triệu/m²",2 phòng,2 phòng,,,Nhà trống,,,
"22/14, Trường Chinh, Phường Tân Thới Nhất, Quận 12, Tp Hồ Chí Minh","2,15 tỷ",Căn hộ 8X Plus Trường Chinh,64 m²,Chưa bàn giao,"33,59 triệu/m²",2 phòng,2 phòng,,,,,,
"Khu đô thị Cityland Park Hills - Số 18, Phan Văn Trị, Phường 10, Quận Gò Vấp, Tp Hồ Chí Minh","3,7 tỷ",Căn hộ Cityland Parkhill Gò Vấp,75 m²,Chưa bàn giao,"49,33 triệu/m²",2 phòng,2 phòng,,,,,,
"Thái Thuận, Phường An Phú (Quận 2 cũ), Thành phố Thủ Đức, Tp Hồ Chí Minh",950 triệu,Chung cư An Thịnh,50 m²,Đã bàn giao,19 triệu/m²,2 phòng,1 phòng,8,Đã có sổ,,,,
"Đường DC13, Phường Sơn Kỳ, Quận Tân Phú, Tp Hồ Chí Minh","2,35 tỷ",,61 m²,Chưa bàn giao,"38,52 triệu/m²",2 phòng,2 phòng,1,,,,Đông Nam,
"Bình Chiểu, Phường Bình Chiểu (Quận Thủ Đức cũ), Thành phố Thủ Đức, Tp Hồ Chí Minh","1,538 tỷ",Stown Thủ Đức,64 m²,Đã bàn giao,"24,03 triệu/m²",2 phòng,2 phòng,,Đã có sổ,,,,
"Phạm Văn Đồng, Phường Linh Tây (Quận Thủ Đức cũ), Thành phố Thủ Đức, Tp Hồ Chí Minh","2,83 tỷ",Flora Novia,76 m²,Đã bàn giao,"37,24 triệu/m²",2 phòng,2 phòng,,,,,,
"58d, 20 Đường Số 20, Phường 5, Quận Gò Vấp, Tp Hồ Chí Minh",16 tỷ,,100 m²,Chưa bàn giao,160 triệu/m²,4 phòng,5 phòng,4,,,,Tây Nam,
"Nguyễn Văn Linh, Xã Bình Hưng, Huyện Bình Chánh, Tp Hồ Chí Minh","2,35 tỷ",Mizuki Park,56 m²,Đã bàn giao,"41,96 triệu/m²",2 phòng,1 phòng,,,,Tây,Đông,
"854-856, 854-856 854-856 Tạ Quang Bửu, Phường 5, Quận 8, Hồ Chí Minh, Phường 5, Quận 8, Tp Hồ Chí Minh","4,35 tỷ",Samland Giai Việt,146 m²,Chưa bàn giao,"29,79 triệu/m²",3 phòng,3 phòng,4,,,,Đông Bắc,
"Xã Bình Hưng, Huyện Bình Chánh, Tp Hồ Chí Minh","4,3 tỷ",,75 m²,Đã bàn giao,"57,33 triệu/m²",2 phòng,2 phòng,,Đang chờ sổ,Nhà trống,,,
"Đỗ Xuân Hợp, Phường Phước Long B (Quận 9 cũ), Thành phố Thủ Đức, Tp Hồ Chí Minh","1,85 tỷ",Flora Anh Đào,54 m²,Chưa bàn giao,"34,26 triệu/m²",2 phòng,1 phòng,,,,,,
"Phố Tạ Quang Bửu, Phường 6, Quận 8, TP.HCM, Phường 6, Quận 8, Tp Hồ Chí Minh","1,715 tỷ",The Pegasuite,68 m²,Đã bàn giao,"25,22 triệu/m²",2 phòng,2 phòng,,,,,,
"Võ Văn Kiệt, Phường An Lạc, Quận Bình Tân, Tp Hồ Chí Minh","1,35 tỷ",Akari City,75 m²,Chưa bàn giao,18 triệu/m²,2 phòng,,,,,,,
"Dương Quảng Hàm, Phường 15, Quận Gò Vấp, Tp Hồ Chí Minh",3 tỷ,Osimi Tower,75 m²,Đã bàn giao,40 triệu/m²,3 phòng,2 phòng,,,,Tây Nam,Đông Bắc,
"Nguyễn Thị Định, Phường An Phú (Quận 2 cũ), Thành phố Thủ Đức, Tp Hồ Chí Minh","3,8 tỷ",Căn hộ D’Lusso,74 m²,Đã bàn giao,"51,35 triệu/m²",2 phòng,,,Đã có sổ,Nội thất đầy đủ,,,
"561A, Điện Biên Phủ, Phường 25, Quận Bình Thạnh, Tp Hồ Chí Minh","2,19 tỷ",Pearl Plaza,88 m²,Chưa bàn giao,"24,89 triệu/m²",2 phòng,2 phòng,9,Đã có sổ,,,,
"Đường Tạ Quang Bửu, Phường 7, Quận 8, TP. Hồ Chí Minh, Phường 7, Quận 8, Tp Hồ Chí Minh","1,68 tỷ",Conic Riverside,68 m²,Đã bàn giao,"24,71 triệu/m²",2 phòng,2 phòng,,,,,,
"Đường Nguyễn Xiển, Phường Long Thạnh Mỹ (Quận 9 cũ), Thành phố Thủ Đức, Tp Hồ Chí Minh","1,725 tỷ",Vinhomes Grand Park,70 m²,Đã bàn giao,"24,64 triệu/m²",2 phòng,2 phòng,,,,,,
"Trường Lưu, Phường Long Trường (Quận 9 cũ), Thành phố Thủ Đức, Tp Hồ Chí Minh","2,892226662 tỷ",MT Eastmark City,65.4 m²,Chưa bàn giao,"44,22 triệu/m²",1 phòng,1 phòng,5,,,,Bắc,
"16, Âu Cơ, Phường Tân Sơn Nhì, Quận Tân Phú, Tp Hồ Chí Minh","1,36 tỷ",Melody Residences,76 m²,Đã bàn giao,"17,89 triệu/m²",2 phòng,2 phòng,9,,,Đông Nam,Tây Bắc,
"Phường Tân Tạo, Bình Tân, Hồ Chí Minh, Phường Tân Tạo, Quận Bình Tân, Tp Hồ Chí Minh",530 triệu,Lê Thành Tân Tạo,34 m²,Đã bàn giao,"15,59 triệu/m²",1 phòng,1 phòng,,Giấy tờ khác,Nhà trống,,,
"208, Nguyễn Hữu Cảnh, Phường 22, Quận Bình Thạnh, Tp Hồ Chí Minh","3,15 tỷ",Vinhomes Central Park,50 m²,Đã bàn giao,63 triệu/m²,1 phòng,1 phòng,,,,,,
"Số 4, Đào Trí, Phường Phú Thuận, Quận 7, Tp Hồ Chí Minh","2,336 tỷ",Saigon Riverside Complex Q7,67 m²,Đã bàn giao,"34,87 triệu/m²",2 phòng,2 phòng,,,,,,
"279, Đường Phan Anh, Phường Bình Trị Đông, Quận Bình Tân, Tp Hồ Chí Minh","1,37 tỷ",,62 m²,Đã bàn giao,"22,1 triệu/m²",2 phòng,1 phòng,6,,,,Nam,
"Nguyễn Văn Linh, Phường Tân Thuận Tây, Quận 7, Tp Hồ Chí Minh","2,98 tỷ",Eco Green Sài Gòn,45 m²,Đã bàn giao,"66,22 triệu/m²",1 phòng,1 phòng,,,,,,
"Số 4, Đào Trí, Phường Phú Thuận, Quận 7, Tp Hồ Chí Minh","1,8 tỷ",Saigon Riverside Complex Q7,53 m²,Đã bàn giao,"33,96 triệu/m²",1 phòng,1 phòng,,,,,,
"Nguyễn Văn Linh, Xã Bình Hưng, Huyện Bình Chánh, Tp Hồ Chí Minh","4,8 tỷ",Mizuki Park,71 m²,Đã bàn giao,"67,61 triệu/m²",2 phòng,2 phòng,,Đang chờ sổ,Nhà trống,,,
"Song Hành, Phường An Phú (Quận 2 cũ), Thành phố Thủ Đức, Tp Hồ Chí Minh","5,8 tỷ",Palm Heights,105 m²,Đã bàn giao,"55,24 triệu/m²",3 phòng,2 phòng,,,,,,
"Đường Số 5, Phường Bình Hưng Hòa, Quận Bình Tân, Tp Hồ Chí Minh","1,68 tỷ",,69 m²,Đã bàn giao,"24,35 triệu/m²",2 phòng,1 phòng,,Đã có sổ,,,,
"Đường Võ Văn Kiệt, Phường 16, Quận 8, Tp Hồ Chí Minh","1,75 tỷ",,62 m²,Đã bàn giao,"28,23 triệu/m²",2 phòng,2 phòng,,,Nội thất đầy đủ,,,
"30, 3, Phường Trường Thọ (Quận Thủ Đức cũ), Thành phố Thủ Đức, Tp Hồ Chí Minh","1,67 tỷ",Lavita Garden,1 m²,Chưa bàn giao,"1,67 tỷ/m²",2 phòng,,,,,,,
"An Lạc, Phường An Lạc A, Quận Bình Tân, Tp Hồ Chí Minh","1,83 tỷ",Moonlight Park View,1 m²,Chưa bàn giao,"1,83 tỷ/m²",2 phòng,,,,,,,
"208, Nguyễn Hữu Cảnh, Phường 22, Quận Bình Thạnh, Tp Hồ Chí Minh","3,15 tỷ",Vinhomes Central Park,50 m²,Đã bàn giao,63 triệu/m²,1 phòng,1 phòng,,,,,,
"Trương Phước Phan, Phường Bình Trị Đông, Quận Bình Tân, Tp Hồ Chí Minh","2,6 tỷ",Hoàng Kim Thế Gia (The Golden Dynasty),75 m²,Đã bàn giao,"34,67 triệu/m²",3 phòng,2 phòng,7,,,,Đông,
"Đường CC2, Phường Sơn Kỳ, Quận Tân Phú, Tp Hồ Chí Minh","1,75 tỷ",,58 m²,Đã bàn giao,"30,17 triệu/m²",2 phòng,1 phòng,3,,,,Đông Nam,
"16, Âu Cơ, Phường Tân Sơn Nhì, Quận Tân Phú, Tp Hồ Chí Minh","2,5 triệu",Melody Residences,69 m²,Chưa bàn giao,36.232 đ/m²,2 phòng,2 phòng,,,,,,
"Dương Quảng Hàm, Phường 15, Quận Gò Vấp, Tp Hồ Chí Minh","2,2 tỷ",Osimi Tower,53 m²,Đã bàn giao,"41,51 triệu/m²",2 phòng,1 phòng,,,,Tây Bắc,Đông Nam,
"Thạnh Xuân 13, Phường Thạnh Xuân, Quận 12, Tp Hồ Chí Minh",2 tỷ,PiCity High Park,57 m²,Đã bàn giao,"35,09 triệu/m²",2 phòng,1 phòng,,,,,,
"Số 4, Đào Trí, Phường Phú Thuận, Quận 7, Tp Hồ Chí Minh","2,339 tỷ",Saigon Riverside Complex Q7,67 m²,Đã bàn giao,"34,91 triệu/m²",2 phòng,2 phòng,,,,,,
"9A Đường Thạnh Xuân 13, Phường Thạnh Xuân, Quận 12, Hồ Chí Minh, Phường Thạnh Xuân, Quận 12, Tp Hồ Chí Minh",2 tỷ,PiCity High Park,57 m²,Chưa bàn giao,"35,09 triệu/m²",2 phòng,1 phòng,,,,,,
"Lô 5, Bình Hưng Hòa B, Phường Bình Hưng Hoà B, Quận Bình Tân, Tp Hồ Chí Minh","1,85 tỷ",Green Town Bình Tân,63.2 m²,Đã bàn giao,"29,27 triệu/m²",2 phòng,2 phòng,,,,,,
"Nguyễn Hữu Thọ, Phường Tân Hưng, Quận 7, Tp Hồ Chí Minh","1,55 tỷ",Sunrise City,86 m²,Đã bàn giao,"18,02 triệu/m²",2 phòng,2 phòng,9,,,,Nam,
"119, Phổ Quang, Phường 9, Quận Phú Nhuận, Tp Hồ Chí Minh","6,237 tỷ",Golden Mansion,99 m²,Đã bàn giao,63 triệu/m²,3 phòng,2 phòng,,,,Tây,Đông Nam,
"Dương Quảng Hàm, Phường 15, Quận Gò Vấp, Tp Hồ Chí Minh","1,44 tỷ",Osimi Tower,76 m²,Đã bàn giao,"18,95 triệu/m²",3 phòng,,,,,,,
"171A, Hoàng Hoa Thám, Phường 13, Quận Tân Bình, Tp Hồ Chí Minh","1,74 tỷ",Carillon 1,60 m²,Đã bàn giao,29 triệu/m²,2 phòng,,,,,,,
"An Lạc, Phường An Lạc A, Quận Bình Tân, Tp Hồ Chí Minh","1,67 tỷ",Moonlight Park View,60 m²,Đã bàn giao,"27,83 triệu/m²",2 phòng,,,,,,,
"Hồ Học Lãm, Phường An Lạc, Quận Bình Tân, Tp Hồ Chí Minh","1,42 tỷ",EHome 3,63 m²,Đã bàn giao,"22,54 triệu/m²",2 phòng,,,,,,,
"D1, Phường 25, Quận Bình Thạnh, Tp Hồ Chí Minh","1,76 tỷ",Wilton Tower,68 m²,Đã bàn giao,"25,88 triệu/m²",2 phòng,,,,,,,
"208, Nguyễn Hữu Cảnh, Phường 22, Quận Bình Thạnh, Tp Hồ Chí Minh","1,68 tỷ",Vinhomes Central Park,62 m²,Đã bàn giao,"27,1 triệu/m²",2 phòng,,,,,,,
"Phạm Văn Đồng, Phường Linh Tây (Quận Thủ Đức cũ), Thành phố Thủ Đức, Tp Hồ Chí Minh","2,35 tỷ",Flora Novia,57 m²,Đã bàn giao,"41,23 triệu/m²",2 phòng,,,,,,,
"Số 207, Nguyễn Xí, Phường 26, Quận Bình Thạnh, Tp Hồ Chí Minh","1,73 tỷ",Richmond City,66 m²,Đã bàn giao,"26,21 triệu/m²",2 phòng,,,,,,,
"Khu đô thị Cityland Park Hills - Số 18, Phan Văn Trị, Phường 10, Quận Gò Vấp, Tp Hồ Chí Minh","1,64 tỷ",Căn hộ Cityland Parkhill Gò Vấp,75 m²,Đã bàn giao,"21,87 triệu/m²",2 phòng,,,,,,,
"Số 200, 12, Phường 12, Quận 10, Tp Hồ Chí Minh","4,5 tỷ",Hà Đô Centrosa Garden,61 m²,Đã bàn giao,"73,77 triệu/m²",2 phòng,1 phòng,,,,,,
"Dương Quảng Hàm, Phường 15, Quận Gò Vấp, Tp Hồ Chí Minh",3 tỷ,Osimi Tower,75 m²,Đã bàn giao,40 triệu/m²,3 phòng,2 phòng,,,,Tây Nam,Đông Bắc,
"Nguyễn Xiển, Phường Long Thạnh Mỹ (Quận 9 cũ), Thành phố Thủ Đức, Tp Hồ Chí Minh","2,363 tỷ",Vinhomes Grand Park,60 m²,Đã bàn giao,"39,38 triệu/m²",2 phòng,2 phòng,,,Nhà trống,,,
"Số 4, Đào Trí, Phường Phú Thuận, Quận 7, Tp Hồ Chí Minh","2,03 tỷ",Saigon Riverside Complex Q7,67 m²,Đã bàn giao,"30,3 triệu/m²",2 phòng,2 phòng,,,,,,
"Đường Số 1, Xã Bình Hưng, Huyện Bình Chánh, Tp Hồ Chí Minh","3,1 tỷ",,76 m²,Đã bàn giao,"40,79 triệu/m²",2 phòng,2 phòng,,Đã có sổ,Nội thất cao cấp,,,
"116, Lý Chiêu Hoàng, Phường 10, Quận 6, Tp Hồ Chí Minh","2,03 tỷ",The Western Capital,51.2 m²,Chưa bàn giao,"39,65 triệu/m²",2 phòng,1 phòng,3,,,,,
"Đào Trí, Phường Phú Thuận, Quận 7, Tp Hồ Chí Minh","3,8 tỷ",La Casa,128 m²,Đã bàn giao,"29,69 triệu/m²",3 phòng,2 phòng,,,,Nam,,
"Võ Chí Công, Phường Phú Hữu (Quận 9 cũ), Thành phố Thủ Đức, Tp Hồ Chí Minh","3,3 tỷ",Safira Khang Điền (Sapphire Khang Điền),85 m²,Đã bàn giao,"38,82 triệu/m²",3 phòng,2 phòng,,Đã có sổ,,,,Căn góc
"An Lạc, Phường An Lạc A, Quận Bình Tân, Tp Hồ Chí Minh","2,5 tỷ",Moonlight Park View,67 m²,Đã bàn giao,"37,31 triệu/m²",2 phòng,,,,,,,
"Trường Lưu, Phường Long Trường (Quận 9 cũ), Thành phố Thủ Đức, Tp Hồ Chí Minh","4,044135891 tỷ",MT Eastmark City,99.9 m²,Chưa bàn giao,"40,48 triệu/m²",3 phòng,,,,,,,
"Đường Võ Văn Kiệt, Phường 16, Quận 8, Tp Hồ Chí Minh","1,45 tỷ",,52 m²,Đã bàn giao,"27,88 triệu/m²",1 phòng,1 phòng,9,,,,,
"Đường Tân Mỹ, Phường Tân Phú, Quận 7, Tp Hồ Chí Minh","1,2 tỷ",Chung cư Tân Mỹ,38 m²,Đã bàn giao,"31,58 triệu/m²",2 phòng,1 phòng,11,Đã có sổ,,,,
"Phạm Văn Đồng, Phường Linh Tây (Quận Thủ Đức cũ), Thành phố Thủ Đức, Tp Hồ Chí Minh","2,2 tỷ",Flora Novia,57 m²,Đã bàn giao,"38,6 triệu/m²",2 phòng,2 phòng,,,,,,
"Nguyễn Hữu Thọ, Phường Tân Hưng, Quận 7, Tp Hồ Chí Minh",4 tỷ,Sunrise City,76 m²,Đã bàn giao,"52,63 triệu/m²",2 phòng,2 phòng,,,,Đông,Tây,
"Thạnh Xuân 13, Phường Thạnh Xuân, Quận 12, Tp Hồ Chí Minh","2,365 tỷ",PiCity High Park,57 m²,Đã bàn giao,"41,49 triệu/m²",2 phòng,1 phòng,5,,,,Đông,
"9A, 9A Đường Thạnh Xuân 13, Phường Thạnh Xuân, Quận 12, Hồ Chí Minh, Phường Thạnh Xuân, Quận 12, Tp Hồ Chí Minh","1,8 tỷ",PiCity High Park,48 m²,Chưa bàn giao,"37,5 triệu/m²",2 phòng,1 phòng,,,,,,
"Trịnh Quang Nghị, Xã Phong Phú, Huyện Bình Chánh, Tp Hồ Chí Minh","1,9 tỷ",Lovera Vista,65 m²,Đã bàn giao,"29,23 triệu/m²",2 phòng,2 phòng,,Đã có sổ,,,,
"Số 207, Nguyễn Xí, Phường 26, Quận Bình Thạnh, Tp Hồ Chí Minh","3,5 tỷ",Richmond City,73 m²,Đã bàn giao,"47,95 triệu/m²",2 phòng,2 phòng,,,,,,
"Nguyễn Xiển, Phường Long Thạnh Mỹ (Quận 9 cũ), Thành phố Thủ Đức, Tp Hồ Chí Minh","1,3 tỷ",Vinhomes Grand Park,79 m²,Chưa bàn giao,"16,46 triệu/m²",2 phòng,2 phòng,28,,,Đông Nam,,
"39, Bến Vân Đồn, Phường 13, Quận 4, Tp Hồ Chí Minh","1,97 tỷ",The Tresor,75 m²,Đã bàn giao,"26,27 triệu/m²",2 phòng,2 phòng,6,Đã có sổ,,,,
"104, Phổ Quang, Phường 2, Quận Tân Bình, Tp Hồ Chí Minh","2,15 tỷ",The Botanica,57 m²,Đã bàn giao,"37,72 triệu/m²",2 phòng,,,,,,,
"346, Bến Vân Đồn, Phường 1, Quận 4, Tp Hồ Chí Minh","1,82 tỷ",The Gold View,81 m²,Chưa bàn giao,"22,47 triệu/m²",2 phòng,,,,,,,
"Nguyễn Xiển, Phường Long Thạnh Mỹ (Quận 9 cũ), Thành phố Thủ Đức, Tp Hồ Chí Minh","3,05 tỷ",Vinhomes Grand Park,82 m²,Chưa bàn giao,"37,2 triệu/m²",3 phòng,2 phòng,,,Nhà trống,Đông Nam,,
"346, Bến Vân Đồn, Phường 1, Quận 4, Tp Hồ Chí Minh","1,633 tỷ",The Gold View,86 m²,Đã bàn giao,"18,99 triệu/m²",2 phòng,2 phòng,,Đã có sổ,,,,
"Đường Lũy Bán Bích, Phường Phú Thọ Hòa, Quận Tân Phú, Tp Hồ Chí Minh","2,45 tỷ",Khu căn hộ Sacomreal-584,82 m²,Đã bàn giao,"29,88 triệu/m²",2 phòng,2 phòng,,Đã có sổ,,,,
"346, Bến Vân Đồn, Phường 1, Quận 4, Tp Hồ Chí Minh","4,2 tỷ",The Gold View,81 m²,Đã bàn giao,"51,85 triệu/m²",2 phòng,2 phòng,4,,,,Tây,
"11, Phường 11, Quận 6, Tp Hồ Chí Minh","1,95 tỷ",Him Lam Chợ Lớn,87 m²,Đã bàn giao,"22,41 triệu/m²",2 phòng,2 phòng,,Đã có sổ,Nội thất cao cấp,,,
"Phạm Hữu Lầu, Phường Phú Mỹ, Quận 7, Tp Hồ Chí Minh","1,6 tỷ",Belleza Apartment,50 m²,Đã bàn giao,32 triệu/m²,1 phòng,1 phòng,,,,Đông Nam,Bắc,
"Đường Lê Thước, Phường Thảo Điền (Quận 2 cũ), Thành phố Thủ Đức, Tp Hồ Chí Minh","1,58 tỷ",,102 m²,Đã bàn giao,"15,49 triệu/m²",2 phòng,2 phòng,,,,,,
"Trường Lưu, Phường Long Trường (Quận 9 cũ), Thành phố Thủ Đức, Tp Hồ Chí Minh","3,248155972 tỷ",MT Eastmark City,74 m²,Chưa bàn giao,"43,89 triệu/m²",2 phòng,2 phòng,,,,,,
"căn hộ B4.15 (lầu 5) lô B cc Lý Văn Phức, Đường Lý Văn Phức, Phường Tân Định, Quận 1, Tp Hồ Chí Minh","1,95 tỷ",,28 m²,Đã bàn giao,"69,64 triệu/m²",2 phòng,1 phòng,5,,,,,
"Đường 35 CL, Phường Cát Lái (Quận 2 cũ), Thành phố Thủ Đức, Tp Hồ Chí Minh","1,65 tỷ",,63 m²,Đã bàn giao,"26,19 triệu/m²",2 phòng,2 phòng,,Đã có sổ,,,,
"Đường Thị Giang, Phường Tân Thới Nhất, Quận 12, Tp Hồ Chí Minh","1,85 tỷ",,68.5 m²,Đã bàn giao,"27,01 triệu/m²",2 phòng,2 phòng,10,,,Đông Nam,,
"195, 195 Đường Cao Lỗ, Phường 4, Quận 8, Hồ Chí Minh, Phường 4, Quận 8, Tp Hồ Chí Minh","2,08 tỷ",Topaz City,73 m²,Đã bàn giao,"28,49 triệu/m²",2 phòng,2 phòng,14,,,,,Căn góc
"KP9, Đường Số 54A, Phường Tân Tạo, Quận Bình Tân, Tp Hồ Chí Minh","1,9 tỷ",,71.2 m²,Đã bàn giao,"26,69 triệu/m²",2 phòng,2 phòng,4,,,,Nam,
"Tạ Quang Bửu, Phường 6, Quận 8, Tp Hồ Chí Minh","2,6 tỷ",The Pegasuite,60 m²,Đã bàn giao,"43,33 triệu/m²",2 phòng,,,,,,,
"370, Nguyễn Văn Quỳ, Phường Phú Thuận, Quận 7, Tp Hồ Chí Minh","2,25 tỷ",LuxGarden,69 m²,Đã bàn giao,"32,61 triệu/m²",2 phòng,2 phòng,,Đã có sổ,Nhà trống,,,
"Số 628, Xa Lộ Hà Nội, Phường An Phú (Quận 2 cũ), Thành phố Thủ Đức, Tp Hồ Chí Minh","5,2 tỷ",The Vista An Phú,101 m²,Đã bàn giao,"51,49 triệu/m²",2 phòng,2 phòng,,,,,,
"49, 49 Đường Lê Quang Kim, Phường 8, Quận 8, Tp Hồ Chí Minh","2,45 tỷ",Diamond Lotus Riverside,49 m²,Đã bàn giao,50 triệu/m²,1 phòng,1 phòng,,Đang chờ sổ,,,,
"47, Tân Thới Hòa, Phường Tân Thới Hòa, Quận Tân Phú, Tp Hồ Chí Minh","3,03 tỷ",Carillon 7,77 m²,Đã bàn giao,"39,35 triệu/m²",2 phòng,2 phòng,,,,,,
"Thạnh Xuân 13, Phường Thạnh Xuân, Quận 12, Tp Hồ Chí Minh",550 triệu,PiCity High Park,58 m²,Chưa bàn giao,"9,48 triệu/m²",2 phòng,1 phòng,,Đang chờ sổ,,,,
"Đường Thành Thái, Phường 14, Quận 10, Tp Hồ Chí Minh",959 triệu,,68 m²,Đã bàn giao,"14,1 triệu/m²",2 phòng,2 phòng,,Đã có sổ,Nội thất đầy đủ,,,
"196, 196 Số 195 Cao Lỗ, phường 4, quận 8, Tp.HCM, Phường 4, Quận 8, Tp Hồ Chí Minh","2,88 tỷ",Topaz Elite,85 m²,Đã bàn giao,"33,88 triệu/m²",3 phòng,2 phòng,16,,,,,
"135/533, Lê Đức Thọ, Phường 13, Quận Gò Vấp, Tp Hồ Chí Minh","1,75 tỷ",Dream Home Residence,65 m²,Đã bàn giao,"26,92 triệu/m²",2 phòng,,,,,,,
"86, Tản Đà, Phường 11, Quận 5, Tp Hồ Chí Minh","1,56 tỷ",Tản Đà Court,84 m²,Đã bàn giao,"18,57 triệu/m²",2 phòng,,,,,,,
"Lê Đại Hành, Phường 15, Quận 11, Tp Hồ Chí Minh","2,05 tỷ",The EverRich I,98 m²,Đã bàn giao,"20,92 triệu/m²",2 phòng,,,,,,,
"20, Phường Hiệp Bình Chánh (Quận Thủ Đức cũ), Thành phố Thủ Đức, Tp Hồ Chí Minh","1,38 tỷ",Opal Garden,7 m²,Đã bàn giao,"197,14 triệu/m²",2 phòng,2 phòng,8,,,Đông Nam,,
"Phạm Văn Đồng, Phường Linh Tây (Quận Thủ Đức cũ), Thành phố Thủ Đức, Tp Hồ Chí Minh","3,2 tỷ",Flora Novia,80 m²,Đã bàn giao,40 triệu/m²,3 phòng,2 phòng,,,,,,Căn góc
"Số 207, Nguyễn Xí, Phường 26, Quận Bình Thạnh, Tp Hồ Chí Minh","1,56 tỷ",Richmond City,72 m²,Đã bàn giao,"21,67 triệu/m²",2 phòng,2 phòng,,Đã có sổ,Nội thất đầy đủ,,,
"Võ Văn Kiệt, Phường An Lạc, Quận Bình Tân, Tp Hồ Chí Minh",3 tỷ,Akari City,62 m²,Chưa bàn giao,"48,39 triệu/m²",2 phòng,1 phòng,,,,,,
"Võ Chí Công, Phường Phú Hữu (Quận 9 cũ), Thành phố Thủ Đức, Tp Hồ Chí Minh","1,36 tỷ",Safira Khang Điền (Sapphire Khang Điền),70 m²,Đã bàn giao,"19,43 triệu/m²",2 phòng,2 phòng,13,Đã có sổ,,,,
"Số 01, 104A, Phường Bình Trưng Tây (Quận 2 cũ), Thành phố Thủ Đức, Tp Hồ Chí Minh","7,4 tỷ",Diamond Island (Đảo Kim Cương),89 m²,Đã bàn giao,"83,15 triệu/m²",2 phòng,2 phòng,,Giấy tờ khác,Nội thất cao cấp,,,
"341, 341 Đường Cao Đạt, Phường 1, Quận 5, Tp Hồ Chí Minh","2,7 tỷ",Chung cư Phúc Thịnh,64 m²,Chưa bàn giao,"42,19 triệu/m²",2 phòng,1 phòng,,,,Tây,Đông,
"Số 1, Phường Trường Thọ (Quận Thủ Đức cũ), Thành phố Thủ Đức, Tp Hồ Chí Minh","2,6 tỷ",Lavita Charm,68 m²,Đã bàn giao,"38,24 triệu/m²",2 phòng,,,,,,,
"Đường Trương Đình Hội, Phường 16, Quận 8, Tp Hồ Chí Minh","1,6 tỷ",,73 m²,Đã bàn giao,"21,92 triệu/m²",2 phòng,2 phòng,15,,,,,
"Nguyễn Hữu Thọ, Phường Tân Hưng, Quận 7, Tp Hồ Chí Minh","1,48 tỷ",Sunrise City,2 m²,Đã bàn giao,740 triệu/m²,2 phòng,2 phòng,16,Đã có sổ,,,,
"Nguyễn Văn Linh, Phường 7, Quận 8, Tp Hồ Chí Minh","1,95 tỷ",Dream Home Riverside,75 m²,Chưa bàn giao,26 triệu/m²,3 phòng,2 phòng,,,,,,
"Cát Lái, Phường Cát Lái (Quận 2 cũ), Thành phố Thủ Đức, Tp Hồ Chí Minh","1,56 tỷ",Citi Soho,60 m²,Đã bàn giao,26 triệu/m²,2 phòng,2 phòng,,,,,,Căn góc
"Nguyễn Xiển, Phường Long Thạnh Mỹ (Quận 9 cũ), Thành phố Thủ Đức, Tp Hồ Chí Minh","2,9 tỷ",Vinhomes Grand Park,81.5 m²,Đã bàn giao,"35,58 triệu/m²",3 phòng,2 phòng,,,,,,
"686, Xô Viết Nghệ Tĩnh, Phường 25, Quận Bình Thạnh, Tp Hồ Chí Minh","1,62 tỷ",Green Field,72 m²,Đã bàn giao,"22,5 triệu/m²",2 phòng,2 phòng,,Đã có sổ,Nội thất cao cấp,,,
"Nguyễn Xiển, Phường Long Bình (Quận 9 cũ), Thành phố Thủ Đức, Tp Hồ Chí Minh","4,2 tỷ",Lumiere Boulevard,72 m²,Chưa bàn giao,"58,33 triệu/m²",2 phòng,2 phòng,,,,,,
"195, Cao Lỗ, Phường 4, Quận 8, Tp Hồ Chí Minh","2,02 tỷ",Topaz City,70 m²,Đã bàn giao,"28,86 triệu/m²",2 phòng,2 phòng,,,,,,
"Trường Lưu, Phường Long Trường (Quận 9 cũ), Thành phố Thủ Đức, Tp Hồ Chí Minh","2,6 tỷ",MT Eastmark City,63 m²,Chưa bàn giao,"41,27 triệu/m²",1 phòng,,,,,,,
"Nguyễn Văn Linh, Phường 7, Quận 8, Tp Hồ Chí Minh","1,55 tỷ",Dream Home Riverside,62 m²,Chưa bàn giao,25 triệu/m²,2 phòng,2 phòng,,,,,,
"Bát Nàn, Phường Thạnh Mỹ Lợi (Quận 2 cũ), Thành phố Thủ Đức, Tp Hồ Chí Minh","6,05 tỷ",One Verandah Mapletree,80 m²,Đã bàn giao,"75,63 triệu/m²",2 phòng,2 phòng,,Giấy tờ khác,Nội thất cao cấp,,,
"Nguyễn Văn Linh, Xã Bình Hưng, Huyện Bình Chánh, Tp Hồ Chí Minh",3 tỷ,Mizuki Park,78 m²,Chưa bàn giao,"38,46 triệu/m²",2 phòng,2 phòng,,,,,,
"Võ Văn Kiệt, Phường An Lạc, Quận Bình Tân, Tp Hồ Chí Minh","3,09 tỷ",Akari City,75 m²,Chưa bàn giao,"41,2 triệu/m²",2 phòng,2 phòng,,Đang chờ sổ,,,Đông,
"Nguyễn Văn Linh, Xã Phong Phú, Huyện Bình Chánh, Tp Hồ Chí Minh","2,27 tỷ",Skyway Residence,104 m²,Đã bàn giao,"21,83 triệu/m²",3 phòng,2 phòng,,,,,,
"Nguyễn Thị Nhỏ, Phường 15, Quận 11, Tp Hồ Chí Minh","2,4 tỷ",Chung cư Phú Thọ,65 m²,Đã bàn giao,"36,92 triệu/m²",2 phòng,2 phòng,,Đã có sổ,,,,
"10A, 10A Đường Tô Ký, Phường Trung Mỹ Tây, Quận 12, Tp Hồ Chí Minh",2 tỷ,Toky Tower,61 m²,Chưa bàn giao,"32,79 triệu/m²",2 phòng,2 phòng,,,,,,
"307, Nguyễn Duy Trinh, Phường Bình Trưng Tây (Quận 2 cũ), Thành phố Thủ Đức, Tp Hồ Chí Minh","1,74 tỷ",Homyland 2,77 m²,Đã bàn giao,"22,6 triệu/m²",2 phòng,2 phòng,,Đã có sổ,Nhà trống,,,
"Số 9A, đường Thạnh Xuân 13, phường Thạnh Xuân, Quận 12, TP.HCM, Phường Thạnh Xuân, Quận 12, Tp Hồ Chí Minh","2,85 tỷ",PiCity High Park,79 m²,Đã bàn giao,"36,08 triệu/m²",3 phòng,2 phòng,6,,,,Bắc,
"15B, Phường Phú Mỹ, Quận 7, Tp Hồ Chí Minh","1,38 tỷ",,53 m²,Đã bàn giao,"26,04 triệu/m²",1 phòng,1 phòng,19,,,,,
"208, Nguyễn Hữu Cảnh, Phường 22, Quận Bình Thạnh, Tp Hồ Chí Minh","2,2 tỷ",Vinhomes Central Park,83 m²,Đã bàn giao,"26,51 triệu/m²",2 phòng,2 phòng,,Đã có sổ,Nội thất cao cấp,,,
"Số 1, Phường Trường Thọ (Quận Thủ Đức cũ), Thành phố Thủ Đức, Tp Hồ Chí Minh","2,8 tỷ",Lavita Charm,68 m²,Đã bàn giao,"41,18 triệu/m²",2 phòng,2 phòng,,,,,,
"Vườn Lài, Phường An Phú Đông, Quận 12, Tp Hồ Chí Minh","1,7 tỷ",,68 m²,Chưa bàn giao,25 triệu/m²,2 phòng,,,,,,,
"Nguyễn Xiển, Phường Long Thạnh Mỹ (Quận 9 cũ), Thành phố Thủ Đức, Tp Hồ Chí Minh","1,75 tỷ",Vinhomes Grand Park,47 m²,Đã bàn giao,"37,23 triệu/m²",1 phòng,1 phòng,,,,Tây Bắc,Đông Nam,
"Nguyễn Văn Linh, Phường Tân Thuận Tây, Quận 7, Tp Hồ Chí Minh","4,58 tỷ",Eco Green Sài Gòn,87 m²,Đã bàn giao,"52,64 triệu/m²",3 phòng,2 phòng,,,,,,
"Đường 3 Tháng 2, Phường 12, Quận 10, Tp Hồ Chí Minh","3,2 tỷ",,80 m²,Chưa bàn giao,40 triệu/m²,2 phòng,2 phòng,10,Đã có sổ,,,,
"Nguyễn Văn Linh, Phường Tân Thuận Tây, Quận 7, Tp Hồ Chí Minh",4 tỷ,Eco Green Sài Gòn,70 m²,Đã bàn giao,"57,14 triệu/m²",2 phòng,2 phòng,,,,,,
"Đường Nguyễn Văn Thương, Phường 25, Quận Bình Thạnh, Tp Hồ Chí Minh","1,62 tỷ",,68 m²,Đã bàn giao,"23,82 triệu/m²",2 phòng,2 phòng,,Đã có sổ,Nội thất đầy đủ,,,
"36, Trịnh Đình Thảo, Phường Hòa Thạnh, Quận Tân Phú, Tp Hồ Chí Minh",2 tỷ,Lotus Garden,52 m²,Đã bàn giao,"38,46 triệu/m²",1 phòng,1 phòng,,Đã có sổ,,,,
"346, Bến Vân Đồn, Phường 1, Quận 4, Tp Hồ Chí Minh","2,41 tỷ",The Gold View,117 m²,Đã bàn giao,"20,6 triệu/m²",3 phòng,2 phòng,,Đã có sổ,Nội thất cao cấp,,,
"Nguyễn Hữu Cảnh, Phường 22, Quận Bình Thạnh, Tp Hồ Chí Minh","2,905 tỷ",The Manor - TP.Hồ Chí Minh,120 m²,Đã bàn giao,"24,21 triệu/m²",3 phòng,2 phòng,,Đã có sổ,Nhà trống,,,
"Nguyễn Văn Linh, Xã Phong Phú, Huyện Bình Chánh, Tp Hồ Chí Minh","1,65 tỷ",Skyway Residence,75 m²,Đã bàn giao,22 triệu/m²,2 phòng,2 phòng,,,,,,Căn góc
"346, Bến Vân Đồn, Phường 1, Quận 4, Tp Hồ Chí Minh","1,765 tỷ",The Gold View,91 m²,Đã bàn giao,"19,4 triệu/m²",2 phòng,2 phòng,,Đã có sổ,Nhà trống,,,
"33, Trương Công Định, Phường 14, Quận Tân Bình, Tp Hồ Chí Minh","2,059 tỷ",The Harmona,75 m²,Đã bàn giao,"27,45 triệu/m²",2 phòng,2 phòng,,Đã có sổ,Nhà trống,,,
"Số 1, Phường Trường Thọ (Quận Thủ Đức cũ), Thành phố Thủ Đức, Tp Hồ Chí Minh","1,669 tỷ",Lavita Charm,67 m²,Đã bàn giao,"24,91 triệu/m²",2 phòng,2 phòng,,,Nhà trống,,,
"Mai Chí Thọ, Phường An Phú (Quận 2 cũ), Thành phố Thủ Đức, Tp Hồ Chí Minh","5,5 tỷ",The Sun Avenue,105 m²,Đã bàn giao,"52,38 triệu/m²",3 phòng,2 phòng,,,,,,
"Khu phố 3, An Phú, Phường An Phú (Quận 2 cũ), Thành phố Thủ Đức, Tp Hồ Chí Minh","1,852 tỷ",Estella Heights,89 m²,Đã bàn giao,"20,81 triệu/m²",2 phòng,2 phòng,,Đã có sổ,Nhà trống,,,
"số 2, Đường Nguyễn Thanh Sơn, Phường Thạnh Mỹ Lợi (Quận 2 cũ), Thành phố Thủ Đức, Tp Hồ Chí Minh","3,85 tỷ",,57 m²,Chưa bàn giao,"67,54 triệu/m²",1 phòng,1 phòng,33,,,Tây Bắc,,
"208, Nguyễn Hữu Cảnh, Phường 22, Quận Bình Thạnh, Tp Hồ Chí Minh","1,52 tỷ",Vinhomes Central Park,82 m²,Đã bàn giao,"18,54 triệu/m²",2 phòng,2 phòng,,Đã có sổ,Nội thất cao cấp,,,
"Số 8, Gò Dưa, Phường Hiệp Bình Phước (Quận Thủ Đức cũ), Thành phố Thủ Đức, Tp Hồ Chí Minh","1,85 tỷ",Sunview Town,58 m²,Đã bàn giao,"31,9 triệu/m²",2 phòng,2 phòng,3,,,,,
"Trương Quốc Dung, Phường 9, Quận Phú Nhuận, Tp Hồ Chí Minh","2,15 tỷ",Newton Residence,70 m²,Đã bàn giao,"30,71 triệu/m²",2 phòng,,,Đã có sổ,Nội thất đầy đủ,,,
"Đường Phan Huy Ích, Phường 15, Quận Tân Bình, Tp Hồ Chí Minh","2,45 tỷ",,81 m²,Chưa bàn giao,"30,25 triệu/m²",2 phòng,2 phòng,6,,,,,
"334, Tô Hiến Thành, Phường 14, Quận 10, Tp Hồ Chí Minh","4,15 tỷ",Kingdom 101,50 m²,Đã bàn giao,83 triệu/m²,1 phòng,1 phòng,,,,,,
"Trường Lưu, Phường Long Trường (Quận 9 cũ), Thành phố Thủ Đức, Tp Hồ Chí Minh","3,248155972 tỷ",MT Eastmark City,74 m²,Chưa bàn giao,"43,89 triệu/m²",2 phòng,,,,,,,
"83, Đường Lý Chính Thắng, Phường Võ Thị Sáu, Quận 3, Tp Hồ Chí Minh","5,2 tỷ",,58 m²,Đã bàn giao,"89,66 triệu/m²",2 phòng,1 phòng,14,,,Đông Bắc,,
"Võ Văn Kiệt, Phường An Lạc, Quận Bình Tân, Tp Hồ Chí Minh","2,4 tỷ",Akari City,56 m²,Chưa bàn giao,"42,86 triệu/m²",2 phòng,,,,,,,
"Đường Số 1, Phường Trường Thọ (Quận Thủ Đức cũ), Thành phố Thủ Đức, Tp Hồ Chí Minh","3,25999 tỷ",,97.49 m²,Chưa bàn giao,"33,44 triệu/m²",3 phòng,2 phòng,,Đang chờ sổ,Nhà trống,,,
"trần đại nghĩa, Phường An Lạc, Quận Bình Tân, Tp Hồ Chí Minh","1,55 tỷ",,62 m²,Đã bàn giao,25 triệu/m²,2 phòng,2 phòng,,,,,,
"2a, Đường Nguyễn Sỹ Sách, Phường 15, Quận Tân Bình, Tp Hồ Chí Minh","2,9 tỷ",,102 m²,Chưa bàn giao,"28,43 triệu/m²",2 phòng,2 phòng,,Đã có sổ,,,,Căn góc
"Lò Lu, Phường Trường Thạnh (Quận 9 cũ), Thành phố Thủ Đức, Tp Hồ Chí Minh","3,8 tỷ",Elysian,77 m²,Chưa bàn giao,"49,35 triệu/m²",2 phòng,2 phòng,,Giấy tờ khác,Nhà trống,,,
"119, Phổ Quang, Phường 9, Quận Phú Nhuận, Tp Hồ Chí Minh","4,69 tỷ",Golden Mansion,86 m²,Chưa bàn giao,"54,53 triệu/m²",3 phòng,2 phòng,,,,,,
"Đường Nguyễn Cơ Thạch, Phường An Khánh (Quận 2 cũ), Thành phố Thủ Đức, Tp Hồ Chí Minh",11 tỷ,,86 m²,Chưa bàn giao,"127,91 triệu/m²",2 phòng,,,,,,,
"Nguyễn Hữu Thọ, Xã Phước Kiển, Huyện Nhà Bè, Tp Hồ Chí Minh","3,75 triệu",Saigon South Residences,75 m²,Đã bàn giao,50.000 đ/m²,2 phòng,2 phòng,,,,,,
"Long Trường, Phường Long Trường (Quận 9 cũ), Thành phố Thủ Đức, Tp Hồ Chí Minh","2,652722703 tỷ",Centana Điền Phúc Thành,63.4 m²,Chưa bàn giao,"41,84 triệu/m²",2 phòng,,15,,,Tây,,
"đường Tôn Đức Thắng, Phường Bến Nghé, Quận 1, Tp Hồ Chí Minh","4,8 tỷ",Vinhomes Golden River BaSon,49 m²,Chưa bàn giao,"97,96 triệu/m²",1 phòng,1 phòng,,,,,,
"15B, 15B Đường Nguyễn Lương Bằng, Xã Phú Xuân, Huyện Nhà Bè, Tp Hồ Chí Minh","1,75 tỷ",Orchid Park,75 m²,Đã bàn giao,"23,33 triệu/m²",2 phòng,2 phòng,,Đã có sổ,Nội thất đầy đủ,,,
"Lò Lu, Phường Trường Thạnh (Quận 9 cũ), Thành phố Thủ Đức, Tp Hồ Chí Minh","1,999999999 tỷ",Elysian,58 m²,Chưa bàn giao,"34,48 triệu/m²",1 phòng,1 phòng,,,,,,
"111B, 111B Đường Lý Thánh Tông, Phường Tân Thới Hòa, Quận Tân Phú, Tp Hồ Chí Minh","1,5 tỷ",Căn hộ Quang Thái,69 m²,Chưa bàn giao,"21,74 triệu/m²",2 phòng,1 phòng,,,,Đông,,
"208, Nguyễn Hữu Cảnh, Phường 22, Quận Bình Thạnh, Tp Hồ Chí Minh",3 tỷ,Vinhomes Central Park,50 m²,Chưa bàn giao,60 triệu/m²,1 phòng,1 phòng,,,Nội thất cao cấp,,,
"Đường B Thành Thái, Phường 14, Quận 10, Tp Hồ Chí Minh",2 tỷ,,74 m²,Chưa bàn giao,"27,03 triệu/m²",2 phòng,2 phòng,6,Đã có sổ,,,,
"Số 4, Đào Trí, Phường Phú Thuận, Quận 7, Tp Hồ Chí Minh","1,9 tỷ",Saigon Riverside Complex Q7,53 m²,Đã bàn giao,"35,85 triệu/m²",1 phòng,,,,,,,
"15B, Nguyễn Lương Bằng, Xã Phú Xuân, Huyện Nhà Bè, Tp Hồ Chí Minh","1,48 tỷ",Orchid Park,49 m²,Đã bàn giao,"30,2 triệu/m²",1 phòng,1 phòng,,Đã có sổ,,,,
"số 1A, Tạ Quang Bửu, Phường 6, Quận 8, Tp Hồ Chí Minh","1,679 tỷ",Tara Residence,77 m²,Đã bàn giao,"21,81 triệu/m²",2 phòng,2 phòng,,Đã có sổ,Nhà trống,,,
"Đường Ni Sư Huỳnh Liên, Phường 10, Quận Tân Bình, Tp Hồ Chí Minh","2,7 tỷ",Bàu Cát 2,72.56 m²,Đã bàn giao,"37,21 triệu/m²",2 phòng,2 phòng,1,,,,Tây,
"số 88, N1, Phường Sơn Kỳ, Quận Tân Phú, Tp Hồ Chí Minh","5,3 tỷ",Celadon City,104 m²,Đã bàn giao,"50,96 triệu/m²",3 phòng,2 phòng,,,,,,
"Số 4, Đào Trí, Phường Phú Thuận, Quận 7, Tp Hồ Chí Minh","2,3 tỷ",Saigon Riverside Complex Q7,67 m²,Đã bàn giao,"34,33 triệu/m²",2 phòng,2 phòng,,,,,,
"20, Phường Hiệp Bình Chánh (Quận Thủ Đức cũ), Thành phố Thủ Đức, Tp Hồ Chí Minh","1,45 tỷ",Opal Garden,68 m²,Đã bàn giao,"21,32 triệu/m²",2 phòng,2 phòng,,Đã có sổ,Nhà trống,,,
"KĐT Vinhomes Grand Park, Phường Long Thạnh Mỹ, Quận 9, Hồ Chí Minh, Phường Long Thạnh Mỹ (Quận 9 cũ), Thành phố Thủ Đức, Tp Hồ Chí Minh","3,142280029 tỷ",The Beverly Solari - Vinhomes Grand Park,59 m²,Chưa bàn giao,"53,26 triệu/m²",2 phòng,2 phòng,7,,,,Đông Nam,
"số 88, số 88 Đường N1, Phường Sơn Kỳ, Quận Tân Phú, Tp Hồ Chí Minh","3,25 tỷ",Celadon City,71 m²,Đã bàn giao,"45,77 triệu/m²",2 phòng,2 phòng,,Đang chờ sổ,Nội thất đầy đủ,,,
"Đường Nguyễn Văn Linh, phường An Phú Tây, huyện Bình Chánh, Tp.HCM, Xã An Phú Tây, Huyện Bình Chánh, Tp Hồ Chí Minh","1,2 tỷ",HQC Plaza,70 m²,Chưa bàn giao,"17,14 triệu/m²",2 phòng,2 phòng,9,,,,,
"Đường Nguyễn Văn Linh, phường An Phú Tây, huyện Bình Chánh, Tp.HCM, Xã An Phú Tây, Huyện Bình Chánh, Tp Hồ Chí Minh",900 triệu,HQC Plaza,54 m²,Chưa bàn giao,"16,67 triệu/m²",2 phòng,,,,,Đông,,
"15B, Nguyễn Lương Bằng, Xã Phú Xuân, Huyện Nhà Bè, Tp Hồ Chí Minh","1,73 tỷ",Orchid Park,73 m²,Đã bàn giao,"23,7 triệu/m²",2 phòng,2 phòng,,Đã có sổ,,,,
"Tạ Quang Bửu, Phường 6, Quận 8, Tp Hồ Chí Minh","2,9 tỷ",The Pegasuite,75 m²,Đã bàn giao,"38,67 triệu/m²",2 phòng,2 phòng,,Đã có sổ,,Đông Bắc,,
"Số 628, Xa Lộ Hà Nội, Phường An Phú (Quận 2 cũ), Thành phố Thủ Đức, Tp Hồ Chí Minh","7,8 tỷ",The Vista An Phú,140 m²,Đã bàn giao,"55,71 triệu/m²",3 phòng,3 phòng,,Đã có sổ,Nội thất cao cấp,,,
"số 88, N1, Phường Sơn Kỳ, Quận Tân Phú, Tp Hồ Chí Minh","3,7 tỷ",Celadon City,68 m²,Chưa bàn giao,"54,41 triệu/m²",2 phòng,2 phòng,,,,,,
"Tô Ký, Phường Tân Chánh Hiệp, Quận 12, Tp Hồ Chí Minh","1,29 tỷ",Chung cư Đông Hải,46.4 m²,Chưa bàn giao,"27,8 triệu/m²",2 phòng,2 phòng,10,Đã có sổ,,,,
"15B, Nguyễn Lương Bằng, Xã Phú Xuân, Huyện Nhà Bè, Tp Hồ Chí Minh","1,85 tỷ",Orchid Park,72 m²,Đã bàn giao,"25,69 triệu/m²",2 phòng,2 phòng,,,,,,Căn góc
"Hiệp Bình Chánh, Phường Hiệp Bình Chánh (Quận Thủ Đức cũ), Thành phố Thủ Đức, Tp Hồ Chí Minh","1,42 tỷ",Opal Riverside,72 m²,Đã bàn giao,"19,72 triệu/m²",2 phòng,2 phòng,,Đã có sổ,Nội thất cao cấp,,,
"15B, Phường Phú Mỹ, Quận 7, Tp Hồ Chí Minh","1,58 tỷ",The Era Town (A1 Riverside),90 m²,Đã bàn giao,"17,56 triệu/m²",2 phòng,2 phòng,,,Nội thất đầy đủ,,,Căn góc
"7/28, Thành Thái, Phường 14, Quận 10, Tp Hồ Chí Minh","4,85 tỷ",Rivera Park Sài Gòn,90 m²,Đã bàn giao,"53,89 triệu/m²",2 phòng,2 phòng,,,,,,Căn góc
"Đường Nguyễn Ngọc Phương, Phường 19, Quận Bình Thạnh, Tp Hồ Chí Minh","5,2 tỷ",,95 m²,Đã bàn giao,"54,74 triệu/m²",3 phòng,,,,,,,
"Đường Số 1, Phường Trường Thọ (Quận Thủ Đức cũ), Thành phố Thủ Đức, Tp Hồ Chí Minh","2,334009 tỷ",,73 m²,Chưa bàn giao,"31,97 triệu/m²",2 phòng,2 phòng,,Đang chờ sổ,Nhà trống,,,
"Nguyễn Xiển, Phường Long Bình (Quận 9 cũ), Thành phố Thủ Đức, Tp Hồ Chí Minh","4,6 tỷ",Lumiere Boulevard,78 m²,Chưa bàn giao,"58,97 triệu/m²",2 phòng,2 phòng,,,,,,
"Nguyễn Xiển, Phường Long Bình (Quận 9 cũ), Thành phố Thủ Đức, Tp Hồ Chí Minh","4,6 tỷ",Lumiere Boulevard,75 m²,Chưa bàn giao,"61,33 triệu/m²",2 phòng,2 phòng,,,,,,
"1408, Đường Lưu Đình Lễ, Phường An Khánh (Quận 2 cũ), Thành phố Thủ Đức, Tp Hồ Chí Minh","3,95 tỷ",,94 m²,Đã bàn giao,"42,02 triệu/m²",3 phòng,2 phòng,15,,,,,
"Số 685, Âu Cơ, Phường Tân Thành, Quận Tân Phú, Tp Hồ Chí Minh","2,7 tỷ",Oriental Plaza (Âu Cơ Tower),85 m²,Đã bàn giao,"31,76 triệu/m²",2 phòng,2 phòng,,,,,,
"Sunriver RiverSide, Đường Nguyễn Hữu Thọ, Xã Phước Kiển, Huyện Nhà Bè, Tp Hồ Chí Minh","3,5 tỷ",,71 m²,Chưa bàn giao,"49,3 triệu/m²",2 phòng,2 phòng,18,,,,Nam,
"7/28, Thành Thái, Phường 14, Quận 10, Tp Hồ Chí Minh","3,88 tỷ",Rivera Park Sài Gòn,74 m²,Đã bàn giao,"52,43 triệu/m²",2 phòng,2 phòng,,,,,,
"Nguyễn Văn Linh, Xã Bình Hưng, Huyện Bình Chánh, Tp Hồ Chí Minh","3,23 tỷ",Mizuki Park,78 m²,Đã bàn giao,"41,41 triệu/m²",2 phòng,2 phòng,,,,Đông Bắc,Tây Nam,
"Đường Số 1, Phường Bình Hưng Hòa, Quận Bình Tân, Tp Hồ Chí Minh","1,65 tỷ",,52.7 m²,Đã bàn giao,"31,31 triệu/m²",2 phòng,1 phòng,14,,,Đông Bắc,,
"Đường Lý Chiêu Hoàng, Phường 10, Quận 6, Tp Hồ Chí Minh","2,58 tỷ",,65 m²,Chưa bàn giao,"39,69 triệu/m²",2 phòng,2 phòng,22,,,,,
"Số 4, Đào Trí, Phường Phú Thuận, Quận 7, Tp Hồ Chí Minh","2,346 tỷ",Saigon Riverside Complex Q7,67 m²,Đã bàn giao,"35,01 triệu/m²",2 phòng,2 phòng,,,,,,
"Nguyễn Xiển, Phường Long Bình (Quận 9 cũ), Thành phố Thủ Đức, Tp Hồ Chí Minh","4,5 tỷ",Lumiere Boulevard,75 m²,Chưa bàn giao,60 triệu/m²,2 phòng,,,,,Nam,,
"Tân Phong, Phường Tân Phong, Quận 7, Tp Hồ Chí Minh","7,4 tỷ",Hưng Vượng 2,280 m²,Đã bàn giao,"26,43 triệu/m²",4 phòng,4 phòng,8,,,,Bắc,
"Đường B Thành Thái, Phường 14, Quận 10, Tp Hồ Chí Minh","2,1 tỷ",,63 m²,Chưa bàn giao,"33,33 triệu/m²",2 phòng,2 phòng,,Đã có sổ,Nhà trống,,,
"Số 29 Đường 4, Phường Trường Thọ, Thành phố Thủ Đức, Hồ Chí Minh, Phường Trường Thọ (Quận Thủ Đức cũ), Thành phố Thủ Đức, Tp Hồ Chí Minh","4,979 tỷ",Moonlight Avenue,70.15 m²,Chưa bàn giao,"70,98 triệu/m²",2 phòng,2 phòng,18,,,,,
"36, Trịnh Đình Thảo, Phường Hòa Thạnh, Quận Tân Phú, Tp Hồ Chí Minh","2,35 tỷ",Lotus Garden,53 m²,Đã bàn giao,"44,34 triệu/m²",1 phòng,1 phòng,6,,,Đông Nam,,
"Đường Tam Bình, Phường Tam Phú (Quận Thủ Đức cũ), Thành phố Thủ Đức, Tp Hồ Chí Minh","1,2 tỷ",,51 m²,Đã bàn giao,"23,53 triệu/m²",2 phòng,2 phòng,,Đã có sổ,Nội thất đầy đủ,,,
"Xa Lộ Hà Nội, Phường Thảo Điền (Quận 2 cũ), Thành phố Thủ Đức, Tp Hồ Chí Minh","1,75 tỷ",Masteri Thảo Điền,1 m²,Đã bàn giao,"1,75 tỷ/m²",2 phòng,2 phòng,,Đã có sổ,Nhà trống,,,
"số 88, N1, Phường Sơn Kỳ, Quận Tân Phú, Tp Hồ Chí Minh","4,9 tỷ",Celadon City,96 m²,Đã bàn giao,"51,04 triệu/m²",2 phòng,2 phòng,,,,,,
"119, Bình Long, Phường Bình Hưng Hoà A, Quận Bình Tân, Tp Hồ Chí Minh",2 tỷ,Căn hộ 8X Rainbow (Ngọc Đông Dương),83 m²,Đã bàn giao,"24,1 triệu/m²",3 phòng,2 phòng,,,,,,
"16, Âu Cơ, Phường Tân Sơn Nhì, Quận Tân Phú, Tp Hồ Chí Minh","1,48 tỷ",Melody Residences,73 m²,Đã bàn giao,"20,27 triệu/m²",2 phòng,2 phòng,,Đã có sổ,Nhà trống,,,
"số 88, N1, Phường Sơn Kỳ, Quận Tân Phú, Tp Hồ Chí Minh","7,999999999 tỷ",Celadon City,121 m²,Chưa bàn giao,"66,12 triệu/m²",3 phòng,3 phòng,,,,,,
"Đương N3, Phường Sơn Kỳ, Quận Tân Phú, Tp Hồ Chí Minh","5,2 tỷ",,96 m²,Chưa bàn giao,"54,17 triệu/m²",2 phòng,2 phòng,3,,,,Đông Bắc,
"Nguyễn Văn Linh, Phường Tân Thuận Tây, Quận 7, Tp Hồ Chí Minh","4,28 tỷ",Eco Green Sài Gòn,81 m²,Đã bàn giao,"52,84 triệu/m²",3 phòng,2 phòng,,,,,,
"Lương Định Của, Phường An Phú (Quận 2 cũ), Thành phố Thủ Đức, Tp Hồ Chí Minh","4,9 tỷ",De Capella,82 m²,Đã bàn giao,"59,76 triệu/m²",2 phòng,2 phòng,,,,,,
"Phan Chu Trinh, Phường Hiệp Phú (Quận 9 cũ), Thành phố Thủ Đức, Tp Hồ Chí Minh","2,35 tỷ",Centum Wealth Complex,54 m²,Đã bàn giao,"43,52 triệu/m²",2 phòng,1 phòng,,,Nhà trống,,Đông,
"Phan Chu Trinh, Phường Hiệp Phú (Quận 9 cũ), Thành phố Thủ Đức, Tp Hồ Chí Minh","2,95 tỷ",Centum Wealth Complex,90 m²,Đã bàn giao,"32,78 triệu/m²",3 phòng,2 phòng,,,,,,
"số 88, N1, Phường Sơn Kỳ, Quận Tân Phú, Tp Hồ Chí Minh","2,42 tỷ",Celadon City,53 m²,Đã bàn giao,"45,66 triệu/m²",1 phòng,1 phòng,,,,,,
"113/89, An Dương Vương, Phường An Lạc, Quận Bình Tân, Tp Hồ Chí Minh",934 triệu,Chung cư Lê Thành,68 m²,Đã bàn giao,"13,74 triệu/m²",2 phòng,1 phòng,,Đã có sổ,,,,
"Lý Chiêu Hoàng, Phường 10, Quận 6, Tp Hồ Chí Minh","1,95 tỷ",The Western Capital,50 m²,Đã bàn giao,39 triệu/m²,2 phòng,,,Đang chờ sổ,,Nam,Bắc,
"Đường Võ Chí Công, Phường Thạnh Mỹ Lợi (Quận 2 cũ), Thành phố Thủ Đức, Tp Hồ Chí Minh","3,615 tỷ",,132 m²,Chưa bàn giao,"27,39 triệu/m²",2 phòng,2 phòng,,,,,,
"228, Trương Vĩnh Ký, Phường Tân Sơn Nhì, Quận Tân Phú, Tp Hồ Chí Minh","2,25 tỷ",Chung cư Gò Dầu 2,74 m²,Đã bàn giao,"30,41 triệu/m²",3 phòng,,,,,,,Căn góc
"Số 685, Âu Cơ, Phường Tân Thành, Quận Tân Phú, Tp Hồ Chí Minh","3,4 tỷ",Oriental Plaza (Âu Cơ Tower),106 m²,Đã bàn giao,"32,08 triệu/m²",3 phòng,2 phòng,,Đã có sổ,Nội thất đầy đủ,,,
"628, Đường Xa Lộ Hà Nội, Phường An Phú (Quận 2 cũ), Thành phố Thủ Đức, Tp Hồ Chí Minh","6,168 tỷ",,108 m²,Đã bàn giao,"57,11 triệu/m²",2 phòng,2 phòng,8,,,Đông Nam,Tây Bắc,
"số 88, N1, Phường Sơn Kỳ, Quận Tân Phú, Tp Hồ Chí Minh","2,39 tỷ",Celadon City,53 m²,Chưa bàn giao,"45,09 triệu/m²",1 phòng,1 phòng,,,,,,
"Song Hành, Phường An Phú (Quận 2 cũ), Thành phố Thủ Đức, Tp Hồ Chí Minh","7,8 tỷ",,165 m²,Chưa bàn giao,"47,27 triệu/m²",3 phòng,3 phòng,,Đã có sổ,,,,
"Số 685, Âu Cơ, Phường Tân Thành, Quận Tân Phú, Tp Hồ Chí Minh","3,9 tỷ",Oriental Plaza (Âu Cơ Tower),106 m²,Đã bàn giao,"36,79 triệu/m²",3 phòng,3 phòng,,Đã có sổ,Nội thất đầy đủ,,,
"359, Phạm Văn Chiêu, Phường 14, Quận Gò Vấp, Tp Hồ Chí Minh","1,68 tỷ",,50 m²,Đã bàn giao,"33,6 triệu/m²",1 phòng,1 phòng,8,,,,Tây,
"Số 2225, Phạm Thế Hiển, Phường 6, Quận 8, Tp Hồ Chí Minh","2,95 tỷ",Green River - Quận 8,85 m²,Chưa bàn giao,"34,71 triệu/m²",3 phòng,2 phòng,10,,,,Đông Nam,
"15B, Phường Phú Mỹ, Quận 7, Tp Hồ Chí Minh","1,5 tỷ",The Era Town (A1 Riverside),67 m²,Đã bàn giao,"22,39 triệu/m²",2 phòng,2 phòng,,,,Đông,Tây,
"Tân Phong, Phường Tân Phong, Quận 7, Tp Hồ Chí Minh","2,95 tỷ",Hưng Vượng 3,71 m²,Đã bàn giao,"41,55 triệu/m²",2 phòng,,3,,,Bắc,Nam,
"số 88, N1, Phường Sơn Kỳ, Quận Tân Phú, Tp Hồ Chí Minh","5,35 tỷ",Celadon City,112 m²,Đã bàn giao,"47,77 triệu/m²",2 phòng,,,Đang chờ sổ,Nhà trống,,,
"Xô Viết Nghệ Tĩnh, Phường 21, Quận Bình Thạnh, Tp Hồ Chí Minh","1,52 tỷ",Chung cư Mỹ Đức,93 m²,Đã bàn giao,"16,34 triệu/m²",2 phòng,2 phòng,,Đã có sổ,Nội thất đầy đủ,,,
"Võ Văn Kiệt, Phường An Lạc, Quận Bình Tân, Tp Hồ Chí Minh","2,3 tỷ",Akari City,56 m²,Đã bàn giao,"41,07 triệu/m²",2 phòng,1 phòng,,,Nhà trống,,,
"16, Phổ Quang, Phường 2, Quận Tân Bình, Tp Hồ Chí Minh","1,8 tỷ",Sky Center,38 m²,Đã bàn giao,"47,37 triệu/m²",1 phòng,1 phòng,,Đang chờ sổ,Nội thất cao cấp,,,
"Lầu 1, Nguyễn Kim, Phường 7, Quận 10, Tp Hồ Chí Minh","2,5 triệu",,68 m²,Chưa bàn giao,36.765 đ/m²,1 phòng,1 phòng,,Đã có sổ,,,,
"79-81, Nguyễn Xí, Phường 26, Quận Bình Thạnh, Tp Hồ Chí Minh","3,5 tỷ",Saigonres Plaza,85 m²,Đã bàn giao,"41,18 triệu/m²",3 phòng,2 phòng,,,,,,Căn góc
"116 LY CHIEU HOANG P10 Q6, Đường Lý Chiêu Hoàng, Phường 11, Quận 6, Tp Hồ Chí Minh","2,65 tỷ",,70 m²,Đã bàn giao,"37,86 triệu/m²",2 phòng,2 phòng,6,,,,Bắc,
"Tô Hiến Thành, Phường 14, Quận 10, Tp Hồ Chí Minh","2,48 tỷ",,60 m²,Chưa bàn giao,"41,33 triệu/m²",1 phòng,1 phòng,10,Đã có sổ,,,,
"208, 208 Đường Nguyễn Hữu Cảnh, Phường 22, Quận Bình Thạnh, Tp Hồ Chí Minh","4,7 tỷ",Vinhomes Central Park,80 m²,Đã bàn giao,"58,75 triệu/m²",2 phòng,2 phòng,,,,Đông,Tây,
"205, Nguyễn Xí, Phường 26, Quận Bình Thạnh, Tp Hồ Chí Minh","4,7 tỷ",The Hyco4 Tower,132 m²,Đã bàn giao,"35,61 triệu/m²",2 phòng,2 phòng,,Đã có sổ,,,,
"Nguyễn Cửu Phú, Phường Tân Tạo, Quận Bình Tân, Tp Hồ Chí Minh","1,45 tỷ",Tecco Town Bình Tân,55 m²,Đã bàn giao,"26,36 triệu/m²",2 phòng,1 phòng,,Đang chờ sổ,Nội thất đầy đủ,,,
"Đường D5, Phường 25, Quận Bình Thạnh, Tp Hồ Chí Minh","2,5 tỷ",Chung cư D5 Bình Thạnh,73 m²,Chưa bàn giao,"34,25 triệu/m²",2 phòng,2 phòng,,,,,,
"Trần Văn Kiểu, Phường 10, Quận 6, Tp Hồ Chí Minh","3,75 tỷ",Asiana Capella,71 m²,Đã bàn giao,"52,82 triệu/m²",2 phòng,2 phòng,10,,,,Đông Bắc,
"Nguyễn Thị Định, Phường An Phú (Quận 2 cũ), Thành phố Thủ Đức, Tp Hồ Chí Minh","5,1 tỷ",Căn hộ D’Lusso,72 m²,Đã bàn giao,"70,83 triệu/m²",2 phòng,2 phòng,17,,,Đông Nam,,
"Lê Đức Thọ, Phường 17, Quận Gò Vấp, Tp Hồ Chí Minh","2,5 tỷ",Gia Phát Apartment,63 m²,Đã bàn giao,"39,68 triệu/m²",2 phòng,2 phòng,13,,,,Tây Bắc,
"13E, Nguyễn Văn Linh, Xã Phong Phú, Huyện Bình Chánh, Tp Hồ Chí Minh","1,5 tỷ",Sài Gòn Intela,49 m²,Chưa bàn giao,"30,61 triệu/m²",2 phòng,2 phòng,19,,,,Đông,
"Đường Trịnh Đình Thảo, Phường Hòa Thạnh, Quận Tân Phú, Tp Hồ Chí Minh",2 tỷ,Topaz Garden,75 m²,Đã bàn giao,"26,67 triệu/m²",2 phòng,2 phòng,,,,,,Căn góc
"Nguyễn Văn Linh, Phường Tân Thuận Tây, Quận 7, Tp Hồ Chí Minh","3,5 tỷ",Eco Green Sài Gòn,66 m²,Đã bàn giao,"53,03 triệu/m²",2 phòng,2 phòng,,Đang chờ sổ,Nhà trống,,,
"Nguyễn Xiển, Phường Long Bình (Quận 9 cũ), Thành phố Thủ Đức, Tp Hồ Chí Minh","4,4 tỷ",Lumiere Boulevard,75 m²,Chưa bàn giao,"58,67 triệu/m²",2 phòng,,,,,,,
"Nguyễn Văn Linh, Phường Tân Phong, Quận 7, Tp Hồ Chí Minh","5,5 tỷ",,103 m²,Chưa bàn giao,"53,4 triệu/m²",3 phòng,,,,,,,
"Đại Lộ Đông Tây, Phường 16, Quận 8, Tp Hồ Chí Minh","2,15 tỷ",Carina Plaza,105 m²,Đã bàn giao,"20,48 triệu/m²",2 phòng,2 phòng,,Đã có sổ,Nội thất đầy đủ,,,
"334, Tô Hiến Thành, Phường 14, Quận 10, Tp Hồ Chí Minh","6,5 tỷ",Kingdom 101,79 m²,Đã bàn giao,"82,28 triệu/m²",2 phòng,2 phòng,,,,,,
"Đường Tôn Dật Tiên, Phường Tân Phú, Quận 7, Hồ Chí Minh, Phường Tân Phú, Quận 7, Tp Hồ Chí Minh","5,5 tỷ",Scenic Valley 1,103 m²,Đã bàn giao,"53,4 triệu/m²",3 phòng,2 phòng,,,,Tây Bắc,Đông Nam,
"91, Phạm Văn Hai, Phường 3, Quận Tân Bình, Tp Hồ Chí Minh","1,25 tỷ",Central Plaza - 91 Phạm Văn Hai,60 m²,Đã bàn giao,"20,83 triệu/m²",2 phòng,2 phòng,,Đã có sổ,Nội thất cao cấp,,,
"Phạm Hữu Lầu, Phường Phú Mỹ, Quận 7, Tp Hồ Chí Minh","1,177 tỷ",Belleza Apartment,88 m²,Đã bàn giao,"13,38 triệu/m²",2 phòng,2 phòng,,Đã có sổ,,,,
"Nguyễn Hữu Cảnh, Phường 22, Quận Bình Thạnh, Tp Hồ Chí Minh","1,49 tỷ",Saigon Pearl,71 m²,Đã bàn giao,"20,99 triệu/m²",2 phòng,2 phòng,,Đã có sổ,Nội thất đầy đủ,,,
"Phan Chu Trinh, Phường Hiệp Phú (Quận 9 cũ), Thành phố Thủ Đức, Tp Hồ Chí Minh","2,25 tỷ",Centum Wealth Complex,56 m²,Đã bàn giao,"40,18 triệu/m²",2 phòng,1 phòng,,,,,,
"Tân Phong, Phường Tân Phong, Quận 7, Tp Hồ Chí Minh","2,8 tỷ",Hưng Vượng 2,70 m²,Đã bàn giao,40 triệu/m²,2 phòng,2 phòng,4,,,,,
"Đường Hồ Văn Long, Phường Tân Tạo, Quận Bình Tân, Tp Hồ Chí Minh",550 triệu,,34 m²,Đã bàn giao,"16,18 triệu/m²",1 phòng,1 phòng,11,,,,Tây Nam,
"Đường Hồ Văn Long, Phường Tân Tạo, Quận Bình Tân, Tp Hồ Chí Minh",630 triệu,,34 m²,Đã bàn giao,"18,53 triệu/m²",1 phòng,1 phòng,14,,,,Tây Bắc,
"Võ Chí Công, Phường Thạnh Mỹ Lợi (Quận 2 cũ), Thành phố Thủ Đức, Tp Hồ Chí Minh",390 triệu,,52 m²,Chưa bàn giao,"7,5 triệu/m²",2 phòng,2 phòng,,,,,,
"Lý Chiêu Hoàng, Phường 10, Quận 6, Tp Hồ Chí Minh","1,887 tỷ",The Western Capital,50 m²,Đã bàn giao,"37,74 triệu/m²",2 phòng,1 phòng,30,,,,Bắc,
"số 88, N1, Phường Sơn Kỳ, Quận Tân Phú, Tp Hồ Chí Minh","5,7 tỷ",Celadon City,111 m²,Đã bàn giao,"51,35 triệu/m²",2 phòng,2 phòng,,,,,,
"Nguyễn Hữu Thọ, Phường Tân Hưng, Quận 7, Tp Hồ Chí Minh","4,11 tỷ",Sunrise CityView,76 m²,Đã bàn giao,"54,08 triệu/m²",2 phòng,2 phòng,,,,Nam,,
"Võ Văn Kiệt, Phường 16, Quận 8, Tp Hồ Chí Minh","2,57 tỷ",Diamond Riverside (City Gate Towers 2),73 m²,Đã bàn giao,"35,21 triệu/m²",2 phòng,,19,,,Đông Nam,Đông Bắc,
"Phường Tân Tạo, Bình Tân, Hồ Chí Minh, Phường Tân Tạo, Quận Bình Tân, Tp Hồ Chí Minh",695 triệu,Lê Thành Tân Tạo,35 m²,Chưa bàn giao,"19,86 triệu/m²",1 phòng,1 phòng,14,,,,Tây,
"Đường Số 2, Phường Trường Thọ (Quận Thủ Đức cũ), Thành phố Thủ Đức, Tp Hồ Chí Minh","6,3 tỷ",,97 m²,Chưa bàn giao,"64,95 triệu/m²",3 phòng,2 phòng,,,,,,
"Số 200, 12, Phường 12, Quận 10, Tp Hồ Chí Minh",5 tỷ,Hà Đô Centrosa Garden,53 m²,Đã bàn giao,"94,34 triệu/m²",1 phòng,1 phòng,,Đã có sổ,Nội thất đầy đủ,,,
"Võ Văn Kiệt, Phường An Lạc, Quận Bình Tân, Tp Hồ Chí Minh","3,5 tỷ",Akari City,75 m²,Đã bàn giao,"46,67 triệu/m²",2 phòng,2 phòng,3,,,,,
"16, Âu Cơ, Phường Tân Sơn Nhì, Quận Tân Phú, Tp Hồ Chí Minh","1,39 tỷ",Melody Residences,69 m²,Đã bàn giao,"20,14 triệu/m²",2 phòng,2 phòng,,Đã có sổ,,,,
"Đường Xô Viết Nghệ Tĩnh, Phường 27, Quận Bình Thạnh, Tp Hồ Chí Minh",2 tỷ,,62 m²,Chưa bàn giao,"32,26 triệu/m²",2 phòng,1 phòng,,,,Đông Bắc,Đông Bắc,
"Số 685, Âu Cơ, Phường Tân Thành, Quận Tân Phú, Tp Hồ Chí Minh","2,75 tỷ",Oriental Plaza (Âu Cơ Tower),77 m²,Đã bàn giao,"35,71 triệu/m²",2 phòng,2 phòng,,Đã có sổ,Nội thất cao cấp,,,
"Đường Nam Hòa, Phường Phước Long A (Quận 9 cũ), Thành phố Thủ Đức, Tp Hồ Chí Minh","1,9 tỷ",,86 m²,Đã bàn giao,"22,09 triệu/m²",2 phòng,,11,,Nội thất đầy đủ,,,
"Đường Đại Lộ Đông Tây, Phường 16, Quận 8, Tp Hồ Chí Minh","2,25 tỷ",Carina Plaza,105 m²,Đã bàn giao,"21,43 triệu/m²",2 phòng,2 phòng,,,,Nam,Bắc,
"Số 4, Đào Trí, Phường Phú Thuận, Quận 7, Tp Hồ Chí Minh","2,2 tỷ",Saigon Riverside Complex Q7,73 m²,Đã bàn giao,"30,14 triệu/m²",2 phòng,2 phòng,,,,,,
"595, Đường Cách Mạng Tháng 8, Phường 15, Quận 10, Tp Hồ Chí Minh","1,95 tỷ",,43 m²,Đã bàn giao,"45,35 triệu/m²",2 phòng,1 phòng,2,,,,,
"Đường Vành Đai 2, Phường Trường Thọ (Quận Thủ Đức cũ), Thành phố Thủ Đức, Tp Hồ Chí Minh","2,2 tỷ",,73 m²,Chưa bàn giao,"30,14 triệu/m²",2 phòng,2 phòng,,,,,,
"Nguyễn Xiển, Phường Long Thạnh Mỹ (Quận 9 cũ), Thành phố Thủ Đức, Tp Hồ Chí Minh",62 tỷ,Vinhomes Grand Park,398 m²,Chưa bàn giao,"155,78 triệu/m²",4 phòng,,,,,,,
"Đồng Văn Cống, Phường Thạnh Mỹ Lợi (Quận 2 cũ), Thành phố Thủ Đức, Tp Hồ Chí Minh","2,12 tỷ",Vista Verde,83 m²,Đã bàn giao,"25,54 triệu/m²",2 phòng,2 phòng,,Đã có sổ,,,,
"961, 961 Đường Hậu Giang, Phường 11, Quận 6, Tp Hồ Chí Minh",5 tỷ,An Phú Apartment,153 m²,Đã bàn giao,"32,68 triệu/m²",3 phòng,3 phòng,18,,,,Tây Bắc,
"Nguyễn Văn Linh, Xã Bình Hưng, Huyện Bình Chánh, Tp Hồ Chí Minh","3,4 tỷ",Mizuki Park,86 m²,Đã bàn giao,"39,53 triệu/m²",3 phòng,,,,,,,
"Số 114, An Dương Vương, Phường 16, Quận 8, Tp Hồ Chí Minh",888 triệu,The Avila,52 m²,Đã bàn giao,"17,08 triệu/m²",1 phòng,1 phòng,,Đã có sổ,,,,
"Đường Nguyễn Văn Linh, Phường Tân Thuận Tây,  Quận 7, Hồ Chí Minh, Phường Tân Thuận Tây, Quận 7, Tp Hồ Chí Minh","3,9 tỷ",Eco Green Sài Gòn,72 m²,Đã bàn giao,"54,17 triệu/m²",2 phòng,2 phòng,,,,,,Căn góc
"Võ Văn Kiệt, Phường 16, Quận 8, Tp Hồ Chí Minh","2,5 tỷ",City Gate Towers,92 m²,Đã bàn giao,"27,17 triệu/m²",3 phòng,2 phòng,,,Nhà trống,,,Căn góc
"Phạm Văn Đồng, Phường Linh Tây (Quận Thủ Đức cũ), Thành phố Thủ Đức, Tp Hồ Chí Minh",2 tỷ,Flora Novia,57 m²,Đã bàn giao,"35,09 triệu/m²",2 phòng,2 phòng,,,,,,
"Tô Hiệu, Phường Hiệp Tân, Quận Tân Phú, Tp Hồ Chí Minh","1,4 tỷ",,50 m²,Đã bàn giao,28 triệu/m²,1 phòng,,,Đang chờ sổ,,,,
"68 Phạm Văn Nghị, Phường Tân Phong, Quận 7, Hồ Chí Minh, Phường Tân Phong, Quận 7, Tp Hồ Chí Minh","2,6 tỷ",Sky Garden 3,57 m²,Đã bàn giao,"45,61 triệu/m²",2 phòng,1 phòng,,Đã có sổ,Nội thất cao cấp,,,
"Song Hành, Thị trấn Hóc Môn, Huyện Hóc Môn, Tp Hồ Chí Minh","2,28 tỷ",,53.43 m²,Chưa bàn giao,"42,67 triệu/m²",2 phòng,2 phòng,,,,,,
"Đường Phạm Hữu Lầu, Phường Phú Mỹ, Quận 7, Hồ Chí Minh, Phường Phú Mỹ, Quận 7, Tp Hồ Chí Minh","2,26 tỷ",Belleza Apartment,76 m²,Đã bàn giao,"29,74 triệu/m²",2 phòng,2 phòng,,,,Nam,Bắc,
"số 88, N1, Phường Sơn Kỳ, Quận Tân Phú, Tp Hồ Chí Minh","2,42 tỷ",Celadon City,53 m²,Đã bàn giao,"45,66 triệu/m²",1 phòng,1 phòng,,,,,,
"Số 4, Đào Trí, Phường Phú Thuận, Quận 7, Tp Hồ Chí Minh","2,35 tỷ",Saigon Riverside Complex Q7,68 m²,Chưa bàn giao,"34,56 triệu/m²",2 phòng,2 phòng,,,,,,
"Nguyễn Văn Linh, Xã An Phú Tây, Huyện Bình Chánh, Tp Hồ Chí Minh","1,2 tỷ",HQC Plaza,70 m²,Đã bàn giao,"17,14 triệu/m²",2 phòng,,8,,,,,Căn góc
"Hoàng Quốc Việt, Phường Phú Mỹ, Quận 7, Tp Hồ Chí Minh","1,83 tỷ",River Panorama (The Garden Bay),65 m²,Đã bàn giao,"28,15 triệu/m²",2 phòng,2 phòng,,Đã có sổ,,,,
"Mai Chí Thọ, Phường An Phú (Quận 2 cũ), Thành phố Thủ Đức, Tp Hồ Chí Minh","1,9 tỷ",Lexington Residence,48 m²,Đã bàn giao,"39,58 triệu/m²",1 phòng,1 phòng,,,,,,
"Phạm Văn Đồng, Phường Linh Tây (Quận Thủ Đức cũ), Thành phố Thủ Đức, Tp Hồ Chí Minh","2,22 tỷ",Flora Novia,56 m²,Đã bàn giao,"39,64 triệu/m²",2 phòng,1 phòng,,,,Đông Bắc,Đông Nam,
"Tạ Quang Bửu, Phường 6, Quận 8, Tp Hồ Chí Minh","3,4 tỷ",The Pegasuite,92 m²,Đã bàn giao,"36,96 triệu/m²",3 phòng,2 phòng,,,,,,
"830, Võ Văn Kiệt, Phường 5, Quận 5, Tp Hồ Chí Minh","1,479000009 tỷ",,42.4 m²,Đã bàn giao,"34,88 triệu/m²",1 phòng,1 phòng,1,Đã có sổ,,,,
"Tô Hiến Thành, Phường 14, Quận 10, Tp Hồ Chí Minh","1,03 tỷ",,50 m²,Đã bàn giao,"20,6 triệu/m²",2 phòng,2 phòng,,Đã có sổ,Nội thất đầy đủ,,,
"Tôn Thất Thuyết, Phường 1, Quận 4, Tp Hồ Chí Minh","1,45 tỷ",Chung cư Tôn Thất Thuyết,63 m²,Đã bàn giao,"23,02 triệu/m²",2 phòng,2 phòng,,Đã có sổ,,,,
"Nguyễn Xiển, Phường Long Thạnh Mỹ (Quận 9 cũ), Thành phố Thủ Đức, Tp Hồ Chí Minh","1,98 tỷ",Vinhomes Grand Park,47 m²,Đã bàn giao,"42,13 triệu/m²",1 phòng,1 phòng,,,,,,
"47, Tân Thới Hòa, Phường Tân Thới Hòa, Quận Tân Phú, Tp Hồ Chí Minh","3,1 tỷ",Carillon 7,77 m²,Đã bàn giao,"40,26 triệu/m²",2 phòng,2 phòng,,,,,,
"Đường Tô Ký, Phường Trung Mỹ Tây, Quận 12, Tp Hồ Chí Minh","1,8 tỷ",,51 m²,Đã bàn giao,"35,29 triệu/m²",2 phòng,1 phòng,,Đã có sổ,,,,
"334, Tô Hiến Thành, Phường 14, Quận 10, Tp Hồ Chí Minh","4,85 tỷ",Kingdom 101,73 m²,Đã bàn giao,"66,44 triệu/m²",2 phòng,2 phòng,,Đang chờ sổ,,,,
"436, Đường Lê Văn Khương, Phường Thới An, Quận 12, Tp Hồ Chí Minh","2,1 tỷ",Hiệp Thành Building,86 m²,Đã bàn giao,"24,42 triệu/m²",2 phòng,2 phòng,,,,Bắc,,
"Tạ Quang Bửu, Phường 6, Quận 8, Tp Hồ Chí Minh","2,9 tỷ",The Pegasuite,75 m²,Đã bàn giao,"38,67 triệu/m²",2 phòng,2 phòng,,,,,,
"Đào Trinh Nhất, Phường Linh Tây (Quận Thủ Đức cũ), Thành phố Thủ Đức, Tp Hồ Chí Minh","2,05 tỷ",Căn hộ Linh Tây Tower,66 m²,Chưa bàn giao,"31,06 triệu/m²",2 phòng,2 phòng,,,,,,
"Số 34-35, Bến Vân Đồn, Phường 13, Quận 4, Tp Hồ Chí Minh","1,61 tỷ",Saigon Royal Residence,70 m²,Đã bàn giao,23 triệu/m²,2 phòng,2 phòng,,Đã có sổ,Nội thất đầy đủ,,,
"Đường Nguyễn Xiển, Phường Long Thạnh Mỹ (Quận 9 cũ), Thành phố Thủ Đức, Tp Hồ Chí Minh","1,19 tỷ",Vinhomes Grand Park,50 m²,Đã bàn giao,"23,8 triệu/m²",1 phòng,1 phòng,,Đã có sổ,Nội thất đầy đủ,,,
"Võ Văn Kiệt, Phường An Lạc, Quận Bình Tân, Tp Hồ Chí Minh","2,8 tỷ",Akari City,75 m²,Đã bàn giao,"37,33 triệu/m²",2 phòng,2 phòng,,,,,,
"Đường Lương Minh Nguyệt, Phường Tân Thới Hòa, Quận Tân Phú, Tp Hồ Chí Minh","2,75 tỷ",,66 m²,Chưa bàn giao,"41,67 triệu/m²",2 phòng,1 phòng,,Đã có sổ,,Đông Nam,,
"Số 4, Đào Trí, Phường Phú Thuận, Quận 7, Tp Hồ Chí Minh","2,5 tỷ",Saigon Riverside Complex Q7,69 m²,Đã bàn giao,"36,23 triệu/m²",2 phòng,2 phòng,,Giấy tờ khác,Nhà trống,,,
"Đường 4, Phường Trường Thọ, Thành phố Thủ Đức, Hồ Chí Minh, Phường Trường Thọ (Quận Thủ Đức cũ), Thành phố Thủ Đức, Tp Hồ Chí Minh","2,299999 tỷ",Moonlight Avenue,52 m²,Chưa bàn giao,"44,23 triệu/m²",1 phòng,1 phòng,,,,,,
"Đường Nguyễn Xiển, Phường Long Thạnh Mỹ (Quận 9 cũ), Thành phố Thủ Đức, Tp Hồ Chí Minh","2,6 tỷ",Vinhomes Grand Park,68 m²,Đã bàn giao,"38,24 triệu/m²",2 phòng,2 phòng,16,,,,Tây Bắc,
"961, hau giang p11 q 6, Phường 11, Quận 6, Tp Hồ Chí Minh","1,8 tỷ",,48 m²,Đã bàn giao,"37,5 triệu/m²",1 phòng,1 phòng,18,,,,Bắc,
"Đường 3 Tháng 2, Phường 14, Quận 10, Tp Hồ Chí Minh",4 tỷ,,87 m²,Chưa bàn giao,"45,98 triệu/m²",2 phòng,2 phòng,6,Đã có sổ,,,,
"102, Phan Văn Hớn, Phường Tân Thới Nhất, Quận 12, Tp Hồ Chí Minh","1,75 tỷ",Topaz Home,53 m²,Đã bàn giao,"33,02 triệu/m²",2 phòng,2 phòng,,,,,,
"Tạ Quang Bửu, Phường 6, Quận 8, Tp Hồ Chí Minh","2,6 tỷ",The Pegasuite,60 m²,Đã bàn giao,"43,33 triệu/m²",2 phòng,1 phòng,,,,,,
"47, Tân Thới Hòa, Phường Tân Thới Hòa, Quận Tân Phú, Tp Hồ Chí Minh","2,95 tỷ",Carillon 7,72 m²,Đã bàn giao,"40,97 triệu/m²",2 phòng,2 phòng,,,,,,
"Đường Vườn Lài, Phường An Phú Đông, Quận 12, Tp Hồ Chí Minh","10,6 tỷ",,140 m²,Chưa bàn giao,"75,71 triệu/m²",nhiều hơn 10 phòng,Nhiều hơn 6 phòng,,Đã có sổ,Nội thất cao cấp,,,
"Hồ Học Lãm, Phường An Lạc, Quận Bình Tân, Tp Hồ Chí Minh","1,39 tỷ",EHome 3,50 m²,Đã bàn giao,"27,8 triệu/m²",1 phòng,1 phòng,,,,,,
"Nguyễn Văn Linh, Phường Tân Thuận Tây, Quận 7, Tp Hồ Chí Minh",8 tỷ,Eco Green Sài Gòn,158 m²,Chưa bàn giao,"50,63 triệu/m²",3 phòng,2 phòng,,,,,,
"Phan Văn Hớn, Phường Tân Thới Nhất, Quận 12, Tp Hồ Chí Minh","1,7 tỷ",Prosper Plaza,50 m²,Đã bàn giao,34 triệu/m²,2 phòng,2 phòng,,,,,,
"2A, đường số 3A, Phường Tân Tạo A, Quận Bình Tân, Tp Hồ Chí Minh","1,6 tỷ",,60 m²,Đã bàn giao,"26,67 triệu/m²",2 phòng,1 phòng,10,,,,,
"Xa Lộ Hà Nội, Phường Thảo Điền (Quận 2 cũ), Thành phố Thủ Đức, Tp Hồ Chí Minh","5,35 tỷ",Masteri Thảo Điền,68 m²,Đã bàn giao,"78,68 triệu/m²",2 phòng,,,,,,,
"Phan Xich Long, Phường 7, Quận Phú Nhuận, Tp Hồ Chí Minh","3,08 tỷ",Chung cư Nhiêu Tứ,52 m²,Đã bàn giao,"59,23 triệu/m²",1 phòng,,,Đã có sổ,Nội thất cao cấp,,,
"Đường Nguyễn Cửu Phú, Phường Tân Tạo A, Quận Bình Tân, Tp Hồ Chí Minh","3,35 tỷ",,172 m²,Đã bàn giao,"19,48 triệu/m²",3 phòng,3 phòng,21,,,,,Căn góc
"27, Trịnh Đình Thảo, Phường Hòa Thạnh, Quận Tân Phú, Tp Hồ Chí Minh","2,65 tỷ",Carillon 2,80 m²,Đã bàn giao,"33,13 triệu/m²",2 phòng,,,Đã có sổ,,,,
"17, Phường Hiệp Bình Chánh (Quận Thủ Đức cũ), Thành phố Thủ Đức, Tp Hồ Chí Minh","3,78 tỷ",4S Riverside Garden Bình Triệu,90 m²,Đã bàn giao,42 triệu/m²,2 phòng,2 phòng,5,,,,Bắc,
"Huỳnh Văn Chính, Phường Phú Trung, Quận Tân Phú, Tp Hồ Chí Minh",2 tỷ,,65 m²,Đã bàn giao,"30,77 triệu/m²",2 phòng,2 phòng,3,,,,,
"66, Phường Thảo Điền (Quận 2 cũ), Thành phố Thủ Đức, Tp Hồ Chí Minh","2,075 tỷ",Tropic Garden,65 m²,Đã bàn giao,"31,92 triệu/m²",2 phòng,2 phòng,,Đã có sổ,,,,
"Đường Cao Lỗ, Phường 4, Quận 8, Tp Hồ Chí Minh","2,45 tỷ",,75 m²,Đã bàn giao,"32,67 triệu/m²",2 phòng,,,,,,,
"Đường Nguyễn Cửu Phú, Phường Tân Tạo, Quận Bình Tân, Tp Hồ Chí Minh","1,8 tỷ",Tecco Town Bình Tân,63 m²,Đã bàn giao,"28,57 triệu/m²",2 phòng,2 phòng,,,,,,
"341, Cao Đạt, Phường 1, Quận 5, Tp Hồ Chí Minh","2,7 tỷ",Chung cư Phúc Thịnh,68 m²,Đã bàn giao,"39,71 triệu/m²",2 phòng,1 phòng,,,,,,
"D7, Phường Phú Hữu (Quận 9 cũ), Thành phố Thủ Đức, Tp Hồ Chí Minh","1,67 tỷ",Ricca,56 m²,Đã bàn giao,"29,82 triệu/m²",2 phòng,1 phòng,,Đã có sổ,,,,
"7A, Thoại Ngọc Hầu, Phường Hòa Thạnh, Quận Tân Phú, Tp Hồ Chí Minh","1,35 tỷ",ResGreen Tower,71 m²,Đã bàn giao,"19,01 triệu/m²",2 phòng,2 phòng,,Đã có sổ,Nội thất đầy đủ,,,
"Nguyễn Hữu Thọ, Phường Tân Hưng, Quận 7, Tp Hồ Chí Minh","1,92 tỷ",Sunrise CityView,84 m²,Đã bàn giao,"22,86 triệu/m²",2 phòng,2 phòng,,Đã có sổ,Nội thất đầy đủ,,,
"Nguyễn Thị Định, Phường An Phú (Quận 2 cũ), Thành phố Thủ Đức, Tp Hồ Chí Minh","3,5 tỷ",Precia,77 m²,Đã bàn giao,"45,45 triệu/m²",2 phòng,2 phòng,,,,,,
"47, Tân Thới Hòa, Phường Tân Thới Hòa, Quận Tân Phú, Tp Hồ Chí Minh","11,8 tỷ",Carillon 7,170 m²,Chưa bàn giao,"69,41 triệu/m²",4 phòng,4 phòng,1,,,,Tây Nam,
"Song Hành, Thị trấn Hóc Môn, Huyện Hóc Môn, Tp Hồ Chí Minh","2,275 tỷ",,53 m²,Chưa bàn giao,"42,92 triệu/m²",2 phòng,1 phòng,11,,,,,
"196, Cao Lỗ, Phường 4, Quận 8, Tp Hồ Chí Minh","2,587 tỷ",Topaz Elite,85 m²,Đã bàn giao,"30,44 triệu/m²",3 phòng,2 phòng,,,,,,
"Đường 3 Tháng 2, Phường 12, Quận 10, Tp Hồ Chí Minh","1,36 tỷ",,62 m²,Đã bàn giao,"21,94 triệu/m²",2 phòng,2 phòng,,Đã có sổ,Nội thất đầy đủ,,,
"Đường Mai Chí Thọ, Phường An Phú (Quận 2 cũ), Thành phố Thủ Đức, Tp Hồ Chí Minh","1,58 tỷ",,68 m²,Đã bàn giao,"23,24 triệu/m²",2 phòng,2 phòng,,Đã có sổ,Nội thất đầy đủ,,,
"Đường Bến Vân Đồn, Phường 13, Quận 4, Tp Hồ Chí Minh","1,63 tỷ",,72 m²,Đã bàn giao,"22,64 triệu/m²",2 phòng,2 phòng,,Đã có sổ,Nội thất đầy đủ,,,
"Nguyễn văn linh, Xã An Phú Tây, Huyện Bình Chánh, Tp Hồ Chí Minh","1,2 tỷ",,62 m²,Đã bàn giao,"19,35 triệu/m²",2 phòng,2 phòng,,Đã có sổ,Nhà trống,,,
"16, Âu Cơ, Phường Tân Sơn Nhì, Quận Tân Phú, Tp Hồ Chí Minh","1,62 tỷ",Melody Residences,81 m²,Đã bàn giao,20 triệu/m²,2 phòng,2 phòng,,Đã có sổ,Nội thất đầy đủ,,,
"Hẻm 505, Đường Nguyễn Oanh, Phường 17, Quận Gò Vấp, TP Hồ Chí Minh., Phường 17, Quận Gò Vấp, Tp Hồ Chí Minh","2,15 tỷ",An Lộc Quận Gò Vấp,65 m²,Đã bàn giao,"33,08 triệu/m²",2 phòng,1 phòng,,Đã có sổ,Nhà trống,,,
"334, Tô Hiến Thành, Phường 14, Quận 10, Tp Hồ Chí Minh","3,55 tỷ",Kingdom 101,50 m²,Đã bàn giao,71 triệu/m²,1 phòng,1 phòng,,Đang chờ sổ,Nhà trống,,,
"334, 334 334 Tô Hiến Thành, phường 14, quận 10, Tp.HCM, Phường 14, Quận 10, Tp Hồ Chí Minh","5,8 tỷ",Kingdom 101,78 m²,Chưa bàn giao,"74,36 triệu/m²",2 phòng,2 phòng,,,,,,
"Số 685, Âu Cơ, Phường Tân Thành, Quận Tân Phú, Tp Hồ Chí Minh","1,9 tỷ",Oriental Plaza (Âu Cơ Tower),1 m²,Đã bàn giao,"1,9 tỷ/m²",2 phòng,2 phòng,,Đã có sổ,Nội thất đầy đủ,,,
"Khu dân cư 13C, Nguyễn Văn Linh, Xã Phong Phú, Huyện Bình Chánh, Tp Hồ Chí Minh","1,65 tỷ",Calla Garden (Aview 2),54 m²,Đã bàn giao,"30,56 triệu/m²",1 phòng,1 phòng,,,,Tây Nam,Tây Bắc,
"Xa Lộ Đại Hàn, Phường Tam Bình (Quận Thủ Đức cũ), Thành phố Thủ Đức, Tp Hồ Chí Minh","1,08 tỷ",Lotus Sen Hồng ( Violet Tower ),38.1 m²,Đã bàn giao,"28,35 triệu/m²",1 phòng,1 phòng,6,,,,Tây Nam,
"195, Cao Lỗ, Phường 4, Quận 8, Tp Hồ Chí Minh","2,05 tỷ",Topaz City,73 m²,Đã bàn giao,"28,08 triệu/m²",2 phòng,2 phòng,,,,,,
"50, Phan Văn Khỏe, Phường 2, Quận 6, Tp Hồ Chí Minh","1,46 tỷ",Lucky Palace,76 m²,Đã bàn giao,"19,21 triệu/m²",2 phòng,2 phòng,9,,,Đông Nam,Tây Bắc,
"Phan Văn Hớn, Phường Tân Thới Nhất, Quận 12, Tp Hồ Chí Minh","1,8 tỷ",Tecco Green Nest,58 m²,Đã bàn giao,"31,03 triệu/m²",2 phòng,,,,,,,
"số 88, N1, Phường Sơn Kỳ, Quận Tân Phú, Tp Hồ Chí Minh","1,7 tỷ",Celadon City,66 m²,Đã bàn giao,"25,76 triệu/m²",2 phòng,1 phòng,,,,,,
"Đường 30, Phường Linh Đông, Quận Thủ Đức, Thành phố Hồ Chí Minh, Phường Linh Đông (Quận Thủ Đức cũ), Thành phố Thủ Đức, Tp Hồ Chí Minh",2 tỷ,4S Riverside Linh Đông,72 m²,Đã bàn giao,"27,78 triệu/m²",2 phòng,2 phòng,16,,,,,
"Đường Lý Thường Kiệt, Phường 14, Quận 10, Tp Hồ Chí Minh","2,35 tỷ",Xi Grand Court,70 m²,Chưa bàn giao,"33,57 triệu/m²",2 phòng,2 phòng,8,Đã có sổ,,,,
"Thành Thái, Phường 14, Quận 10, Tp Hồ Chí Minh","1,1 tỷ",,1 m²,Đã bàn giao,"1,1 tỷ/m²",2 phòng,2 phòng,,Đã có sổ,Nhà trống,,,
"239 – 241 – 278, Hòa Bình, Phường Hiệp Tân, Quận Tân Phú, Tp Hồ Chí Minh","1,39 tỷ",Căn hộ RichStar,78 m²,Đã bàn giao,"17,82 triệu/m²",2 phòng,2 phòng,9,,,,Tây Bắc,
"Đường Tô Ngọc Vân, Phường Tam Bình (Quận Thủ Đức cũ), Thành phố Thủ Đức, Tp Hồ Chí Minh",2 tỷ,,53 m²,Chưa bàn giao,"37,74 triệu/m²",2 phòng,2 phòng,,,,,,
"Đường Xa Lộ Hà Nội, Phường Thảo Điền, Quận 2, Hồ Chí Minh, Phường Thảo Điền (Quận 2 cũ), Thành phố Thủ Đức, Tp Hồ Chí Minh","1,45 tỷ",Masteri Thảo Điền,72 m²,Đã bàn giao,"20,14 triệu/m²",2 phòng,2 phòng,,,,,,
"119, Bình Long, Phường Bình Hưng Hoà A, Quận Bình Tân, Tp Hồ Chí Minh",2 tỷ,Căn hộ 8X Rainbow (Ngọc Đông Dương),83 m²,Đã bàn giao,"24,1 triệu/m²",3 phòng,2 phòng,,,,,,
"290, 290 Số 290 Đường An Dương Vương, Phường 4, Quận 5, Thành phố Hồ Chí Minh, Phường 4, Quận 5, Tp Hồ Chí Minh","1,745 tỷ",The Everrich Infinity,105 m²,Đã bàn giao,"16,62 triệu/m²",3 phòng,2 phòng,,,,,,
"Nguyễn Hữu Cảnh, Phường 22, Quận Bình Thạnh, Tp Hồ Chí Minh","9,5 tỷ",Saigon Pearl,141 m²,Đã bàn giao,"67,38 triệu/m²",3 phòng,,9,,,Đông Nam,Đông Bắc,
"Trường Lưu, Phường Long Trường (Quận 9 cũ), Thành phố Thủ Đức, Tp Hồ Chí Minh","3,248 tỷ",MT Eastmark City,73 m²,Chưa bàn giao,"44,49 triệu/m²",2 phòng,,,,,,,
"Đường Số 11, Phường Trường Thọ (Quận Thủ Đức cũ), Thành phố Thủ Đức, Tp Hồ Chí Minh",2 tỷ,,73 m²,Chưa bàn giao,"27,4 triệu/m²",2 phòng,2 phòng,,,,,,
"Võ Văn Kiệt, Phường An Lạc, Quận Bình Tân, Tp Hồ Chí Minh","2,736 tỷ",Akari City,75 m²,Đã bàn giao,"36,48 triệu/m²",2 phòng,2 phòng,,,,,,
"Phan Văn Trị, Phường 7, Quận Gò Vấp, Tp Hồ Chí Minh","3,4 tỷ",,90 m²,Đã bàn giao,"37,78 triệu/m²",3 phòng,2 phòng,,,,,,Căn góc
"Số 4, Đào Trí, Phường Phú Thuận, Quận 7, Tp Hồ Chí Minh","2,3 tỷ",Saigon Riverside Complex Q7,73 m²,Đã bàn giao,"31,51 triệu/m²",2 phòng,,,,,,,
"208, Nguyễn Hữu Cảnh, Phường 22, Quận Bình Thạnh, Tp Hồ Chí Minh","5,5 tỷ",Vinhomes Central Park,85 m²,Đã bàn giao,"64,71 triệu/m²",2 phòng,2 phòng,,,,,,
"113/89, 113/89 113/89 An Dương Vương, P.An Lạc, Q.Bình Tân, TP. Hồ Chí Minh., Phường An Lạc, Quận Bình Tân, Tp Hồ Chí Minh","1,97 tỷ",Chung cư Lê Thành,83 m²,Đã bàn giao,"23,73 triệu/m²",2 phòng,2 phòng,7,,,,Nam,
"Nguyễn Văn Linh, Phường Tân Phong, Quận 7, Tp Hồ Chí Minh","3,6 tỷ",Lavida Plus,96 m²,Đã bàn giao,"37,5 triệu/m²",3 phòng,2 phòng,,,,,,
"117/80, Hẻm 117 Đường Hồ Văn Long, Phường Tân Tạo, Quận Bình Tân, Tp Hồ Chí Minh",590 triệu,,38.2 m²,Đã bàn giao,"15,45 triệu/m²",1 phòng,1 phòng,,,,Đông Nam,Tây Bắc,
"239 – 241 – 278, 239 – 241 – 278  239 – 241 – 278 Đường Hòa Bình, Phường Hiệp Tân, Tân Phú, Hồ Chí Minh, Phường Hiệp Tân, Quận Tân Phú, Tp Hồ Chí Minh","1,765 tỷ",Căn hộ RichStar,85 m²,Đã bàn giao,"20,76 triệu/m²",3 phòng,2 phòng,,,,,,
"Số 34-35, Bến Vân Đồn, Phường 13, Quận 4, Tp Hồ Chí Minh","1,655 tỷ",Saigon Royal Residence,70 m²,Đã bàn giao,"23,64 triệu/m²",2 phòng,2 phòng,,Đã có sổ,Nội thất đầy đủ,,,
"37, 37 Đường Huỳnh Thiện Lộc, Phường Hòa Thạnh, Quận Tân Phú, Tp Hồ Chí Minh","2,3 tỷ",Chung cư Khang Phú,79 m²,Đã bàn giao,"29,11 triệu/m²",2 phòng,2 phòng,,,,Tây Bắc,Đông Nam,
"9, Nguyễn Khoái, Phường 1, Quận 4, Tp Hồ Chí Minh","2,8 tỷ",,50 m²,Chưa bàn giao,56 triệu/m²,1 phòng,1 phòng,,Đã có sổ,Nội thất đầy đủ,,,
"Nguyễn Xiển, Phường Long Thạnh Mỹ (Quận 9 cũ), Thành phố Thủ Đức, Tp Hồ Chí Minh",855 triệu,Vinhomes Grand Park,69 m²,Đã bàn giao,"12,39 triệu/m²",2 phòng,2 phòng,,,,Đông Bắc,Tây Nam,
"Trường Lưu, Phường Long Trường (Quận 9 cũ), Thành phố Thủ Đức, Tp Hồ Chí Minh","2,8 tỷ",MT Eastmark City,65 m²,Chưa bàn giao,"43,08 triệu/m²",1 phòng,1 phòng,,,,,,
"Lương Định Của, Phường An Khánh (Quận 2 cũ), Thành phố Thủ Đức, Tp Hồ Chí Minh",6 tỷ,Paris Hoàng Kim,69.1 m²,Đã bàn giao,"86,83 triệu/m²",2 phòng,,,,,,,
"Số 4, Đào Trí, Phường Phú Thuận, Quận 7, Tp Hồ Chí Minh","1,9 tỷ",Saigon Riverside Complex Q7,53 m²,Đã bàn giao,"35,85 triệu/m²",1 phòng,1 phòng,,,,,,
"20, Phường Hiệp Bình Chánh (Quận Thủ Đức cũ), Thành phố Thủ Đức, Tp Hồ Chí Minh","3,05 tỷ",Opal Garden,68 m²,Đã bàn giao,"44,85 triệu/m²",2 phòng,2 phòng,6,,,,Đông Nam,
"Nguyễn Thị Định, Phường An Phú (Quận 2 cũ), Thành phố Thủ Đức, Tp Hồ Chí Minh","4,4 tỷ",Precia,71 m²,Đã bàn giao,"61,97 triệu/m²",2 phòng,2 phòng,19,,,Đông Nam,Tây Nam,
"Thành Thái, Phường 14, Quận 10, Tp Hồ Chí Minh","5,1 tỷ",Rivera Park Sài Gòn,87 m²,Đã bàn giao,"58,62 triệu/m²",2 phòng,2 phòng,,,,,,
"Tây Thạnh, Phường Tây Thạnh, Quận Tân Phú, Tp Hồ Chí Minh","2,4 tỷ",Chung cư Tây Thạnh,79 m²,Đã bàn giao,"30,38 triệu/m²",2 phòng,2 phòng,,,,,,Căn góc
"Tô Hiến Thành, Phường 14, Quận 10, Tp Hồ Chí Minh","1,8 tỷ",,50 m²,Chưa bàn giao,36 triệu/m²,1 phòng,1 phòng,12,Đã có sổ,,,,
"Hẻm 505, Đường Nguyễn Oanh, Phường 17, Quận Gò Vấp, TP Hồ Chí Minh., Phường 17, Quận Gò Vấp, Tp Hồ Chí Minh","2,8 tỷ",An Lộc Quận Gò Vấp,96 m²,Đã bàn giao,"29,17 triệu/m²",3 phòng,2 phòng,,,Nội thất đầy đủ,,,
"Số 2225, Phạm Thế Hiển, Phường 6, Quận 8, Tp Hồ Chí Minh","6,4 tỷ",Green River - Quận 8,151 m²,Đã bàn giao,"42,38 triệu/m²",2 phòng,2 phòng,,,Nội thất đầy đủ,,,
"900, Quốc Lộ 1A, Phường Tân Tạo, Quận Bình Tân, Tp Hồ Chí Minh","1,3 tỷ",Khu căn hộ Tân Mai,50 m²,Đã bàn giao,26 triệu/m²,1 phòng,1 phòng,,Đã có sổ,Nhà trống,,,
"Nguyễn Đức Thuận, Phường 13, Quận Tân Bình, Tp Hồ Chí Minh","998,4 triệu",Diyas Sky,30 m²,Đã bàn giao,"33,28 triệu/m²",1 phòng,1 phòng,,,,,,
"16, Đường Nguyễn Đức Thuận, Phường 13, Quận Tân Bình, Tp Hồ Chí Minh",920 triệu,,30 m²,Đã bàn giao,"30,67 triệu/m²",1 phòng,,,,,,,
"Võ Văn Kiệt, Phường An Lạc, Quận Bình Tân, Tp Hồ Chí Minh","3,75 tỷ",Akari City,97 m²,Đã bàn giao,"38,66 triệu/m²",3 phòng,2 phòng,,,,,,Căn góc
"Phú Thuận, Phường Tân Phú, Quận 7, Tp Hồ Chí Minh",3 tỷ,Sunshine City Sài Gòn,69 m²,Đã bàn giao,"43,48 triệu/m²",2 phòng,2 phòng,,,,,,
"856, Tạ Quang Bửu, Phường 5, Quận 8, Tp Hồ Chí Minh","5,05 tỷ",,150 m²,Đã bàn giao,"33,67 triệu/m²",3 phòng,2 phòng,24,,,,Đông Bắc,
"Trường Lưu, Phường Long Trường (Quận 9 cũ), Thành phố Thủ Đức, Tp Hồ Chí Minh","3,982933916 tỷ",MT Eastmark City,95.7 m²,Chưa bàn giao,"41,62 triệu/m²",3 phòng,,,,,,,
"151, Bến Vân Đồn, Phường 6, Quận 4, Tp Hồ Chí Minh","1,9 tỷ",River Gate,26 m²,Đã bàn giao,"73,08 triệu/m²",1 phòng,1 phòng,,,,,,
"Số 29, Hòa Hảo, Phường 2, Quận 10, Tp Hồ Chí Minh","3,4 tỷ",Cao Ốc B Ngô Gia Tự,74 m²,Đã bàn giao,"45,95 triệu/m²",2 phòng,2 phòng,14,,,,,
"Nguyễn Thị Định, Phường An Phú (Quận 2 cũ), Thành phố Thủ Đức, Tp Hồ Chí Minh","3,7 tỷ",Centana Thủ Thiêm,88 m²,Đã bàn giao,"42,05 triệu/m²",3 phòng,2 phòng,,Đã có sổ,,Đông Nam,,
"117/80, Đường Hồ Văn Long, Phường Tân Tạo, Quận Bình Tân, Tp Hồ Chí Minh",630 triệu,,36.5 m²,Chưa bàn giao,"17,26 triệu/m²",1 phòng,1 phòng,,,,Đông Nam,Tây Bắc,
"An Phú Tây, Xã An Phú Tây, Huyện Bình Chánh, Tp Hồ Chí Minh",920 triệu,HQC An Phú Tây,55 m²,Đã bàn giao,"16,73 triệu/m²",2 phòng,2 phòng,,Đã có sổ,,Đông Bắc,,
"Nguyễn Xiển, Phường Long Thạnh Mỹ (Quận 9 cũ), Thành phố Thủ Đức, Tp Hồ Chí Minh","2,3 tỷ",Vinhomes Grand Park,81 m²,Đã bàn giao,"28,4 triệu/m²",3 phòng,,,Đang chờ sổ,Nội thất cao cấp,,,
"Trường Lưu, Phường Long Trường (Quận 9 cũ), Thành phố Thủ Đức, Tp Hồ Chí Minh","2,6 tỷ",MT Eastmark City,63.4 m²,Chưa bàn giao,"41,01 triệu/m²",2 phòng,1 phòng,,,,,,
"7/28, Thành Thái, Phường 14, Quận 10, Tp Hồ Chí Minh","2,06 tỷ",Rivera Park Sài Gòn,65 m²,Đã bàn giao,"31,69 triệu/m²",2 phòng,2 phòng,,Đã có sổ,Nội thất đầy đủ,,,
"Đường Nguyễn Xiển, Phường Long Thạnh Mỹ (Quận 9 cũ), Thành phố Thủ Đức, Tp Hồ Chí Minh","1,75 tỷ",Vinhomes Grand Park,47 m²,Đã bàn giao,"37,23 triệu/m²",1 phòng,1 phòng,,,,Đông Nam,Tây Bắc,
"Dương Quảng Hàm, Phường 7, Quận Gò Vấp, Tp Hồ Chí Minh","1,8 tỷ",,100 m²,Đã bàn giao,18 triệu/m²,3 phòng,2 phòng,,,Nhà trống,,,
"Nguyễn Thị Định, Phường An Phú (Quận 2 cũ), Thành phố Thủ Đức, Tp Hồ Chí Minh","3,65 tỷ",Căn hộ D’Lusso,71 m²,Đã bàn giao,"51,41 triệu/m²",2 phòng,2 phòng,,Đã có sổ,,Đông Nam,,
"Nguyễn Xiển, Phường Long Thạnh Mỹ (Quận 9 cũ), Thành phố Thủ Đức, Tp Hồ Chí Minh","1,3 tỷ",Vinhomes Grand Park,31 m²,Đã bàn giao,"41,94 triệu/m²",1 phòng,1 phòng,,Giấy tờ khác,,,,
"239 – 241 – 278, Hòa Bình, Phường Hiệp Tân, Quận Tân Phú, Tp Hồ Chí Minh","2,55 tỷ",Căn hộ RichStar,65 m²,Đã bàn giao,"39,23 triệu/m²",2 phòng,2 phòng,5,,,,,
"208, Nguyễn Hữu Cảnh, Phường 22, Quận Bình Thạnh, Tp Hồ Chí Minh","6,2 tỷ",Vinhomes Central Park,83 m²,Đã bàn giao,"74,7 triệu/m²",2 phòng,2 phòng,18,,,,,
"DC13, Phường Sơn Kỳ, Quận Tân Phú, Tp Hồ Chí Minh","2,1 tỷ",TaniBuilding Sơn Kỳ 1,53 m²,Đã bàn giao,"39,62 triệu/m²",2 phòng,1 phòng,,Đã có sổ,,,,
"334, 334 334 Tô Hiến Thành, phường 14, quận 10, Tp.HCM, Phường 14, Quận 10, Tp Hồ Chí Minh","3,8 tỷ",Kingdom 101,50 m²,Chưa bàn giao,76 triệu/m²,1 phòng,1 phòng,,,,,,
"Nguyễn Thị Định, Phường An Phú (Quận 2 cũ), Thành phố Thủ Đức, Tp Hồ Chí Minh","2,7 tỷ",Precia,51 m²,Đã bàn giao,"52,94 triệu/m²",1 phòng,1 phòng,,Đã có sổ,,Đông Nam,,
"Trương Vĩnh Ký, Phường Tân Sơn Nhì, Quận Tân Phú, Tp Hồ Chí Minh","2,25 tỷ",Chung cư Gò Dầu 2,74 m²,Đã bàn giao,"30,41 triệu/m²",3 phòng,2 phòng,,,,Đông Bắc,Tây Bắc,
"Khu đô thị Cityland Park Hills - Số 18, Phan Văn Trị, Phường 10, Quận Gò Vấp, Tp Hồ Chí Minh","2,08 tỷ",Căn hộ Cityland Parkhill Gò Vấp,50 m²,Đã bàn giao,"41,6 triệu/m²",2 phòng,2 phòng,,Đã có sổ,Nội thất đầy đủ,,,
"Đường Lê Thị Riêng, Phường Thới An, Quận 12, Tp Hồ Chí Minh","2,5 tỷ",,80.4 m²,Chưa bàn giao,"31,09 triệu/m²",3 phòng,2 phòng,6,Đã có sổ,,,,
"387A, Lê Văn Khương, Phường Thới An, Quận 12, Tp Hồ Chí Minh","1,7 tỷ",Hiệp Thành Building,75 m²,Đã bàn giao,"22,67 triệu/m²",2 phòng,2 phòng,5,,,,Tây Bắc,
"số 32, Phước Long A, Phường Phước Long A (Quận 9 cũ), Thành phố Thủ Đức, Tp Hồ Chí Minh","2,8 tỷ",Him Lam Phú An,70 m²,Đã bàn giao,40 triệu/m²,2 phòng,2 phòng,,,,,Đông Nam,
"16, Âu Cơ, Phường Tân Sơn Nhì, Quận Tân Phú, Tp Hồ Chí Minh","1,697 tỷ",Melody Residences,69 m²,Đã bàn giao,"24,59 triệu/m²",2 phòng,2 phòng,,Đã có sổ,Nhà trống,,,
"Phan Văn Hớn, Phường Tân Thới Nhất, Quận 12, Tp Hồ Chí Minh","1,58 tỷ",Prosper Plaza,65 m²,Đã bàn giao,"24,31 triệu/m²",2 phòng,2 phòng,,Đã có sổ,Nhà trống,,,
"523A, Đỗ Xuân Hợp, Phường Phước Long B (Quận 9 cũ), Thành phố Thủ Đức, Tp Hồ Chí Minh","1,715 tỷ",The Art,70 m²,Đã bàn giao,"24,5 triệu/m²",2 phòng,2 phòng,,Đã có sổ,Nhà trống,,,
"Hồng Lạc, Phường 10, Quận Tân Bình, Tp Hồ Chí Minh","1,605 tỷ",Bàu Cát 2,70 m²,Đã bàn giao,"22,93 triệu/m²",2 phòng,2 phòng,,Đã có sổ,Nhà trống,,,
"70, Lữ Gia, Phường 15, Quận 11, Tp Hồ Chí Minh","1,889 tỷ",Lữ Gia Plaza,100 m²,Đã bàn giao,"18,89 triệu/m²",3 phòng,2 phòng,,,Nhà trống,,,
"192, An Dương Vương, Phường 16, Quận 8, Tp Hồ Chí Minh","1,5 tỷ",Heaven Riverview (Heaven CityView),52 m²,Chưa bàn giao,"28,85 triệu/m²",1 phòng,1 phòng,13,,,,Bắc,
"Đường Nguyễn Lương Bằng, Phường Tân Phong, Quận 7, Tp Hồ Chí Minh","9,2 tỷ",,120 m²,Đã bàn giao,"76,67 triệu/m²",3 phòng,3 phòng,,Đã có sổ,Nội thất đầy đủ,,,
"Võ Chí Công, Phường Phú Hữu (Quận 9 cũ), Thành phố Thủ Đức, Tp Hồ Chí Minh","1,9 tỷ",Safira Khang Điền (Sapphire Khang Điền),67 m²,Đã bàn giao,"28,36 triệu/m²",2 phòng,2 phòng,,Đã có sổ,Nội thất cao cấp,,,
"Số 9A, đường Thạnh Xuân 13, phường Thạnh Xuân, Quận 12, TP.HCM, Phường Thạnh Xuân, Quận 12, Tp Hồ Chí Minh","2,088 tỷ",PiCity High Park,58 m²,Đã bàn giao,36 triệu/m²,2 phòng,1 phòng,,,,,,
"12-08, Đường 59, Phường 14, Quận Gò Vấp, Tp Hồ Chí Minh","2,3 tỷ",,62 m²,Đã bàn giao,"37,1 triệu/m²",2 phòng,2 phòng,12,,,,Đông Nam,
"Đường Tân Sơn Nhì, Phường Tân Sơn Nhì, Quận Tân Phú, Tp Hồ Chí Minh","1,8 tỷ",,64 m²,Đã bàn giao,"28,13 triệu/m²",2 phòng,2 phòng,,Đã có sổ,,Tây,,
"Nguyễn Văn Linh, Xã Bình Hưng, Huyện Bình Chánh, Tp Hồ Chí Minh","2,3 tỷ",Mizuki Park,56 m²,Đã bàn giao,"41,07 triệu/m²",2 phòng,1 phòng,,,,Tây Bắc,Đông Nam,
"Lô 5, Bình Hưng Hòa B, Phường Bình Hưng Hoà B, Quận Bình Tân, Tp Hồ Chí Minh","1,4 tỷ",Green Town Bình Tân,49 m²,Đã bàn giao,"28,57 triệu/m²",1 phòng,1 phòng,,Đã có sổ,,,,
"Số 4, Đào Trí, Phường Phú Thuận, Quận 7, Tp Hồ Chí Minh","2,5 tỷ",Saigon Riverside Complex Q7,73 m²,Đã bàn giao,"34,25 triệu/m²",2 phòng,2 phòng,,,,,,
"117/80, Đường Hồ Văn Long, Phường Tân Tạo, Quận Bình Tân, Tp Hồ Chí Minh",560 triệu,,37.5 m²,Chưa bàn giao,"14,93 triệu/m²",1 phòng,1 phòng,,,,Tây Nam,Đông Bắc,
"Trường Lưu, Phường Long Trường (Quận 9 cũ), Thành phố Thủ Đức, Tp Hồ Chí Minh","7,387672604 tỷ",MT Eastmark City,130 m²,Chưa bàn giao,"56,83 triệu/m²",3 phòng,,,,,,,
"Trường Lưu, Phường Long Trường (Quận 9 cũ), Thành phố Thủ Đức, Tp Hồ Chí Minh","5,72472588 tỷ",MT Eastmark City,135 m²,Chưa bàn giao,"42,41 triệu/m²",3 phòng,,,,,,,
"Số 200, 12, Phường 12, Quận 10, Tp Hồ Chí Minh","1,658 tỷ",Hà Đô Centrosa Garden,70 m²,Đã bàn giao,"23,69 triệu/m²",2 phòng,2 phòng,,Đã có sổ,Nội thất đầy đủ,,,
"Tân Chánh Hiệp, Phường Tân Chánh Hiệp, Quận 12, Tp Hồ Chí Minh","1,97 tỷ",Hưng Ngân Garden,68 m²,Đã bàn giao,"28,97 triệu/m²",2 phòng,2 phòng,,Đã có sổ,,,,
"20, Phường Hiệp Bình Chánh (Quận Thủ Đức cũ), Thành phố Thủ Đức, Tp Hồ Chí Minh","1,24 tỷ",Opal Garden,80 m²,Đã bàn giao,"15,5 triệu/m²",2 phòng,2 phòng,11,,,,,
"Đường Phạm Văn Đồng, Phường Linh Xuân (Quận Thủ Đức cũ), Thành phố Thủ Đức, Tp Hồ Chí Minh",950 triệu,,60 m²,Chưa bàn giao,"15,83 triệu/m²",2 phòng,2 phòng,,Đã có sổ,Nội thất cao cấp,,,
"Đường Lữ Gia, Phường 15, Quận 11, Tp Hồ Chí Minh","2,85 tỷ",,65 m²,Chưa bàn giao,"43,85 triệu/m²",2 phòng,1 phòng,,,,Bắc,Nam,
"Đường D7, Phường Phú Hữu, Quận 9, Hồ Chí Minh, Phường Phú Hữu (Quận 9 cũ), Thành phố Thủ Đức, Tp Hồ Chí Minh","3,8 tỷ",Ricca,115 m²,Đã bàn giao,"33,04 triệu/m²",2 phòng,1 phòng,17,,,Đông Bắc,,
"Lương Định Của, Phường An Khánh (Quận 2 cũ), Thành phố Thủ Đức, Tp Hồ Chí Minh","3,4 tỷ",,105 m²,Đã bàn giao,"32,38 triệu/m²",2 phòng,3 phòng,,,,,,
"135/533, Lê Đức Thọ, Phường 13, Quận Gò Vấp, Tp Hồ Chí Minh","2,3 tỷ",Dream Home Residence,65 m²,Đã bàn giao,"35,38 triệu/m²",2 phòng,2 phòng,15,,,,,
"Số 383, Bình Trưng Tây, Phường Bình Trưng Tây (Quận 2 cũ), Thành phố Thủ Đức, Tp Hồ Chí Minh","1,59 tỷ",La Astoria,45 m²,Đã bàn giao,"35,33 triệu/m²",1 phòng,1 phòng,,,,,,
"Số 9A, đường Thạnh Xuân 13, phường Thạnh Xuân, Quận 12, TP.HCM, Phường Thạnh Xuân, Quận 12, Tp Hồ Chí Minh","2,49 tỷ",PiCity High Park,58 m²,Chưa bàn giao,"42,93 triệu/m²",2 phòng,1 phòng,7,,,,Tây Nam,
"Nguyễn Xiển, Phường Long Thạnh Mỹ (Quận 9 cũ), Thành phố Thủ Đức, Tp Hồ Chí Minh","1,799290396 tỷ",Vinhomes Grand Park,47 m²,Đã bàn giao,"38,28 triệu/m²",1 phòng,1 phòng,9,,,Đông Bắc,Tây Nam,
"Nguyễn Thị Định, Phường An Phú (Quận 2 cũ), Thành phố Thủ Đức, Tp Hồ Chí Minh","3,6 tỷ",Căn hộ D’Lusso,69 m²,Chưa bàn giao,"52,17 triệu/m²",2 phòng,2 phòng,,,,,,
"76, Ngô Tất Tố, Phường 19, Quận Bình Thạnh, Tp Hồ Chí Minh","2,75 tỷ",,66.8 m²,Chưa bàn giao,"41,17 triệu/m²",2 phòng,1 phòng,7,,,,,
"Nguyễn Hữu Cảnh, Phường 22, Quận Bình Thạnh, Tp Hồ Chí Minh",4 tỷ,,57 m²,Đã bàn giao,"70,18 triệu/m²",1 phòng,1 phòng,,,,,,
"Khu số 15A1, Nguyễn Hữu Thọ, Xã Phước Kiển, Huyện Nhà Bè, Tp Hồ Chí Minh","3,2 tỷ",Dragon Hill Residence And Suites 1,104 m²,Đã bàn giao,"30,77 triệu/m²",3 phòng,,,,,,,
"Đường Số 35-CL, Phường Cát Lái (Quận 2 cũ), Thành phố Thủ Đức, Tp Hồ Chí Minh","1,98 tỷ",,74 m²,Đã bàn giao,"26,76 triệu/m²",2 phòng,1 phòng,2,,,,Đông Bắc,
"Nguyễn Hữu Thọ, Xã Phước Kiển, Huyện Nhà Bè, Tp Hồ Chí Minh","1,84 tỷ",Hoàng Anh Gold House (Hoàng Anh An Tiến),80 m²,Đã bàn giao,23 triệu/m²,2 phòng,,,,,,,
"Đào Trí, Phường Phú Thuận, Quận 7, Tp Hồ Chí Minh","1,73 tỷ",Jamona City,72 m²,Đã bàn giao,"24,03 triệu/m²",2 phòng,,,,,,,
"Liên Phường, Phường Phước Long B (Quận 9 cũ), Thành phố Thủ Đức, Tp Hồ Chí Minh","1,6 tỷ",Thủ Thiêm Garden,49 m²,Đã bàn giao,"32,65 triệu/m²",1 phòng,1 phòng,16,,,,Tây Bắc,
"307, Nguyễn Duy Trinh, Phường Bình Trưng Tây (Quận 2 cũ), Thành phố Thủ Đức, Tp Hồ Chí Minh","2,35 tỷ",Homyland 2,72 m²,Chưa bàn giao,"32,64 triệu/m²",2 phòng,2 phòng,,,,Đông,Tây,
"Liên Phường, Phường Phú Hữu (Quận 9 cũ), Thành phố Thủ Đức, Tp Hồ Chí Minh","1,8 tỷ",The Eastern,59 m²,Đã bàn giao,"30,51 triệu/m²",1 phòng,1 phòng,12,,,,Tây Nam,
"2, Trương Đăng Quế, Phường 3, Quận Gò Vấp, Tp Hồ Chí Minh","1,45 tỷ",Sunny Plaza,86 m²,Đã bàn giao,"16,86 triệu/m²",2 phòng,2 phòng,,Đã có sổ,Nội thất đầy đủ,,,
"Liên Phường, Phường Phú Hữu (Quận 9 cũ), Thành phố Thủ Đức, Tp Hồ Chí Minh","1,15 tỷ",Sky 9,46 m²,Đã bàn giao,25 triệu/m²,2 phòng,2 phòng,12,,,,Tây Bắc,
"Đường Hoàng Quốc Việt, Phường Phú Mỹ, Quận 7, Tp Hồ Chí Minh","1,59 tỷ",River Panorama (The Garden Bay),64.5 m²,Đã bàn giao,"24,65 triệu/m²",2 phòng,2 phòng,,Đã có sổ,Nội thất đầy đủ,,,
"Đường Song Hành, Phường Phú Hữu, Quận 9, TP Hồ Chí Minh, Phường Phú Hữu (Quận 9 cũ), Thành phố Thủ Đức, Tp Hồ Chí Minh","1,766 tỷ",Jamila Khang Điền,75 m²,Đã bàn giao,"23,55 triệu/m²",2 phòng,2 phòng,,Đã có sổ,Nội thất đầy đủ,,,
"F6.06, Đường DC8, Phường Sơn Kỳ, Quận Tân Phú, Tp Hồ Chí Minh","2,6 tỷ",,70.5 m²,Đã bàn giao,"36,88 triệu/m²",2 phòng,2 phòng,6,,,Tây,,
"Tây Thạnh, Phường Tây Thạnh, Quận Tân Phú, Tp Hồ Chí Minh","1,77 tỷ",Chung cư Tây Thạnh,72 m²,Chưa bàn giao,"24,58 triệu/m²",2 phòng,2 phòng,4,,,,Tây Nam,
"Số 510, Kinh Dương Vương, Phường An Lạc A, Quận Bình Tân, Tp Hồ Chí Minh","3,35 tỷ",Moonlight Boulevard,77 m²,Đã bàn giao,"43,51 triệu/m²",2 phòng,2 phòng,16,,,Đông Nam,,
"Bình An, Phường An Khánh (Quận 2 cũ), Thành phố Thủ Đức, Tp Hồ Chí Minh",65 triệu,The River Thủ Thiêm,320 m²,Chưa bàn giao,203.125 đ/m²,5 phòng,,,,,,,
"Tân Chánh Hiệp, Phường Tân Chánh Hiệp, Quận 12, Tp Hồ Chí Minh","1,688 tỷ",Hưng Ngân Garden,68 m²,Đã bàn giao,"24,82 triệu/m²",2 phòng,2 phòng,,,,,,
"Lý Chiêu Hoàng, Phường 10, Quận 6, Tp Hồ Chí Minh","1,85 tỷ",The Western Capital,46 m²,Đã bàn giao,"40,22 triệu/m²",2 phòng,,,,,,,
"Lý Chiêu Hoàng, Phường 10, Quận 6, Tp Hồ Chí Minh","2,4 tỷ",The Western Capital,72 m²,Đã bàn giao,"33,33 triệu/m²",2 phòng,,,,,,,
"Lý Chiêu Hoàng, Phường 10, Quận 6, Tp Hồ Chí Minh","1,82 tỷ",The Western Capital,50 m²,Đã bàn giao,"36,4 triệu/m²",2 phòng,,,,,,,
